date,actual,pred_model,pred_rw,sq_error_model,sq_error_rw
1990-01-01,0.003718858878736242,0.003694942272263339,0.0031720883061439054,5.720040651796981e-10,2.9895805905295165e-07
1990-02-01,0.000742115061888704,0.004107621485120358,0.009456335242035152,1.1326633484813518e-05,7.59376333480716e-05
1990-03-01,0.0,0.004201078967439768,0.003913899321136505,1.7649064490664785e-05,1.5318607895992792e-05
1990-04-01,0.0022230464879466894,0.0041217434719393285,0.004676547883901705,3.6050502370227443e-06,6.01966909995321e-06
1990-05-01,0.0036941305401416713,0.0035990731417180127,0.0023300981416225497,9.035908995074172e-09,1.8605843842098278e-06
1990-06-01,0.0029455102297566427,0.003887491636200406,0.0015503879074554305,8.873289700857705e-07,1.9463662941831273e-06
1990-07-01,0.001469507979360074,0.0034526748712915933,0.0061776258239572,3.932950921253323e-06,2.216637363861389e-05
1990-08-01,0.0029325534212780724,0.003045662464799621,0.004608303086194532,1.2793655726359546e-08,2.808136939467626e-06
1990-09-01,0.002923978691435458,0.004905916124099428,0.008393792128468469,3.928075986994649e-06,2.991885903594688e-05
1990-10-01,0.0014587894636592935,0.00463260380669896,0.006815626535059849,1.007309748408431e-05,2.8695703409531277e-05
1990-11-01,0.004363643287773833,0.005112867722626193,0.006769488055246242,5.613372537798389e-07,5.788089045174371e-06
1990-12-01,0.0028985527540115186,0.004884181267349234,0.0022463506263745714,3.9427205929797475e-06,4.2536761529416076e-07
1991-01-01,0.000723327337142976,0.004873259224961328,0.0037327404296840783,1.722193467353159e-05,9.056567161557801e-06
1991-02-01,0.002166848085090045,0.004070994486798108,0.003718858878736242,3.625773519137765e-06,2.408737503594298e-06
1991-03-01,0.00360101217359432,0.0037771449811186994,0.000742115061888704,3.1022765886420026e-08,8.173292695318714e-06
1991-04-01,0.002154399397026552,0.003555346042127344,0.0,1.9626515024191656e-06,4.64143676190837e-06
1991-05-01,0.0021497679364923528,0.0033398315360791625,0.0022230464879466894,1.4162513710615147e-06,5.3697461032458555e-09
1991-06-01,0.002859187080044734,0.0034542047773009486,0.0036941305401416713,3.5404606004808847e-07,6.971305815586461e-07
1991-07-01,0.0028510354308393104,0.0033832612644365623,0.0029455102297566427,2.8326433794828967e-07,8.92548763047036e-09
1991-08-01,0.0021329549501416523,0.0033918261333820724,0.001469507979360074,1.5847566559931356e-06,4.401618830392523e-07
1991-09-01,0.0021284151348268665,0.003444647122425222,0.0029325534212780724,1.732466645177118e-06,6.466383837366817e-07
1991-10-01,0.004243287837866205,0.002958129448923756,0.002923978691435458,1.6516320846691515e-06,1.7405766238558265e-06
1991-11-01,0.0028188884064199726,0.003171448646059106,0.0014587894636592935,1.2429872257440305e-07,1.8498691340987172e-06
1991-12-01,0.0014064699927516244,0.003761219673303784,0.004363643287773833,5.5448460580604975e-06,8.744873896792505e-06
1992-01-01,0.0035075448096772988,0.002733763066211729,0.0028985527540115186,5.987381865206168e-07,3.708713238640327e-07
1992-02-01,0.0020986366569211157,0.003512931951276738,0.000723327337142976,2.000231179636456e-06,1.8914757250686092e-06
1992-03-01,0.001396648271721368,0.0032798918728753883,0.002166848085090045,3.546606461287563e-06,5.932077525131451e-07
1992-04-01,0.0034831104528203483,0.0028985909280562507,0.00360101217359432,3.4166307483044644e-07,1.3900815761463631e-08
1992-05-01,0.0027777795639023495,0.002623637318836674,0.002154399397026552,2.375983171388678e-08,3.8860283245409736e-07
1992-06-01,0.0006932409289763797,0.003472523689545387,0.0021497679364923528,7.72441266319608e-06,2.1214709236234353e-06
1992-07-01,0.0013850417726617437,0.003015916861549595,0.002859187080044734,2.6597535555549575e-06,2.173104387279291e-06
1992-08-01,0.002073972399128543,0.002635197398336357,0.0028510354308393104,3.149734997358109e-07,6.038269552515291e-07
1992-09-01,0.0013802624689587262,0.0035063325103099783,0.0021329549501416523,4.520173820731315e-06,5.665459712293095e-07
1992-10-01,0.004129393342011234,0.003644395129840843,0.0021284151348268665,2.352232658084756e-07,4.003913785626765e-06
1992-11-01,0.002743485945750912,0.002879873698976178,0.004243287837866205,1.8601619229836052e-08,2.249405715592614e-06
1992-12-01,0.002052686317742136,0.0027277288482573415,0.0028188884064199726,4.55682418004372e-07,5.870656406942792e-07
1993-01-01,0.0,0.003460388895542267,0.0014064699927516244,1.1974291308392231e-05,1.9781578405107544e-06
1993-02-01,0.002730377122857064,0.003418489023307155,0.0035075448096772988,4.7349798754103616e-07,6.039896134375146e-07
1993-03-01,0.002722942458456501,0.0035370644158407207,0.0020986366569211157,6.627945614951133e-07,3.897577338307399e-07
1993-04-01,0.0006795786873832199,0.003731246340301288,0.001396648271721368,9.312675463866472e-06,5.141887887828845e-07
1993-05-01,0.0020359694850995425,0.002995251881906208,0.0034831104528203483,9.202227168231413e-07,2.0942169804559104e-06
1993-06-01,0.0027081939368791552,0.003469380897710478,0.0027777795639023495,5.794055893396261e-07,4.842159488211104e-09
1993-07-01,0.0033749610165259014,0.0033669618818628635,0.0006932409289763797,6.39861553574153e-11,7.1916226279666144e-06
1993-08-01,0.004034975212179326,0.0029511594257434284,0.0013850417726617437,1.174656658927663e-06,7.022147233873484e-06
1993-09-01,0.0020113985996852435,0.0024445849019962434,0.002073972399128543,1.87650372509877e-07,3.915480376770275e-09
1993-10-01,0.0006695681535724418,0.002298525812437208,0.0013802624689587262,2.6535030543741793e-06,5.050864099223795e-07
1993-11-01,0.0026737983844018487,0.0023987456842021215,0.004129393342011234,7.565398788716102e-08,2.1187566806178677e-06
1993-12-01,0.002000667556297131,0.0027931903655821254,0.002743485945750912,6.280924032369796e-07,5.517791597107091e-07
1994-01-01,0.002661345549514138,0.0028057094532874466,0.002052686317742136,2.0840936712669097e-08,3.704660604212835e-07
1994-02-01,0.0026542815848733525,0.0028073038430959643,0.0,2.341581151154767e-08,7.045210731797796e-06
1994-03-01,0.001986097971628631,0.0026450475254659695,0.002730377122857064,4.342145145024277e-07,5.539514549533167e-07
1994-04-01,0.003960401216097864,0.0025132468135963797,0.002722942458456501,2.0942558646794284e-06,1.531304176863306e-06
1994-05-01,0.0019743343037168515,0.0025571588807176727,0.0006795786873832199,3.3968448755618624e-07,1.676392106027482e-06
1994-06-01,0.0019704439872993973,0.0023969918832640307,0.0020359694850995425,1.8194310755185575e-07,4.2935908619568285e-09
1994-07-01,0.0013114755978103076,0.0021027639593510644,0.0027081939368791552,6.261372711098554e-07,1.9508221186912403e-06
1994-08-01,0.001963994084659859,0.0018521434956891543,0.0033749610165259014,1.2510554253093554e-08,1.990827682819473e-06
1994-09-01,0.0013071897286218714,0.0027808111952843163,0.004034975212179326,2.171560227008375e-06,7.440813644306776e-06
1994-10-01,0.002609264363613306,0.0031099919484288262,0.0020113985996852435,2.507281141951839e-07,3.5744347167728595e-07
1994-11-01,0.0013020835172987688,0.0029809193500262357,0.0006695681535724418,2.818489753249727e-06,4.000756853498477e-07
1994-12-01,0.0013003903002832828,0.0031874141013994188,0.0026737983844018487,3.5608588259787903e-06,1.8862497655222297e-06
1995-01-01,0.005184716734186523,0.0037255034160379964,0.002000667556297131,2.1293035078620333e-06,1.0138169167218113e-05
1995-02-01,0.001937359340226763,0.0038234782855795573,0.002661345549514138,3.557444676018737e-06,5.241560312383027e-07
1995-03-01,0.0032206147000417573,0.002840091030632776,0.0026542815848733525,1.447982629804756e-07,3.2073319733634963e-07
1995-04-01,0.0038510959020978675,0.002597472102423218,0.001986097971628631,1.571572631110706e-06,3.4782172806545354e-06
1995-05-01,0.0019200005898243333,0.0027026224604067206,0.003960401216097864,6.124969923138749e-07,4.1632347156974165e-06
1995-06-01,0.0019163212507642413,0.002895066666806588,0.0019743343037168515,9.579425894239067e-07,3.3655143128823512e-09
1995-07-01,0.001912655986332723,0.003928782672576862,0.0019704439872993973,4.064766814985772e-06,3.3394530557243436e-09
1995-08-01,0.0012730746467983778,0.003120237330656981,0.0013114755978103076,3.412009980639718e-06,1.474633038620637e-09
1995-09-01,0.0031756139738865485,0.0031664560135025,0.001963994084659859,8.386823839580024e-11,1.468022755969695e-06
1995-10-01,0.0031655613645602543,0.002943628092961884,0.0013071897286218714,4.925437704235596e-08,3.4535451372603015e-06
1995-11-01,0.0031555721988105745,0.0025036025683853346,0.002609264363613306,4.2506439899682383e-07,2.984522507979257e-07
1995-12-01,0.0025173078113773784,0.0031662954634839396,0.0013020835172987688,4.211849725867869e-07,1.4767700849188549e-06
1996-01-01,0.0018838310123738822,0.0024518923516031674,0.0013003903002832828,3.2269368512696903e-07,3.404030645247856e-07
1996-02-01,0.00188028886485192,0.0025150874990394014,0.005184716734186523,4.0296930596629183e-07,1.0919243543635224e-05
1996-03-01,0.0006259781112074592,0.002552206068066991,0.001937359340226763,3.710354141787246e-06,1.71972072782418e-06
1996-04-01,0.0006255865077342548,0.003214605799670688,0.0032206147000417573,6.703020894019029e-06,6.734171318870744e-06
1996-05-01,0.0,0.0027778901279376716,0.0038510959020978675,7.716673562893573e-06,1.4830939647154987e-05
1996-06-01,0.00187441479434991,0.0029761655136128443,0.0019200005898243333,1.2138546473963928e-06,2.0780647490359434e-09
1996-07-01,0.0012476607981559695,0.0027511665042834017,0.0019163212507642413,2.2605294083577483e-06,4.4710680088229887e-07
1996-08-01,0.002490661312451792,0.0028986818374954005,0.001912655986332723,1.6648074885686208e-07,3.3409015702201103e-07
1996-09-01,0.0024844733276614406,0.002288782533989313,0.0012730746467983778,3.829488672802725e-08,1.4674867639967688e-06
1996-10-01,0.0018593125901835705,0.0026344027567865866,0.0031756139738865485,6.007647663646912e-07,1.7326493327383745e-06
1996-11-01,0.0012376239203497619,0.002857014445179049,0.0031655613645602543,2.6224256719068747e-06,3.7169427887888855e-06
1996-12-01,0.0006182380413299882,0.002878511837321727,0.0031555721988105745,5.1088376328469044e-06,6.438064626717717e-06
1997-01-01,0.0012353306079928572,0.0033922577579897574,0.0025173078113773784,4.652334730393751e-06,1.6434655499975978e-06
1997-02-01,0.0,0.002829991152315127,0.0018838310123738822,8.008849922181901e-06,3.548819283181606e-06
1997-03-01,0.0,0.0026636095970535797,0.00188028886485192,7.094816085515933e-06,3.535486215286122e-06
1997-04-01,0.001233806448929009,0.0023074406613284855,0.0006259781112074592,1.152690422034644e-06,3.694552881373425e-07
1997-05-01,0.002463055432396999,0.0023415017908392727,0.0006255865077342548,1.477528777594417e-08,3.3762920491012607e-06
1997-06-01,0.0012292564547298213,0.002249070539191849,0.0,1.0400207668671237e-06,1.511071431494929e-06
1997-07-01,0.0024539889615668997,0.0020347497494457587,0.00187441479434991,1.7576151697995508e-07,3.3590621530526705e-07
1997-08-01,0.0012247398958962208,0.001938446782482452,0.0012476607981559695,5.093775199606115e-07,5.253677604009551e-10
1997-09-01,0.0006118079114054709,0.001551598821531729,0.002490661312451792,8.832069547559408e-07,3.530090102623327e-06
1997-10-01,0.0024434954124759045,0.0017305140549939402,0.0024844733276614406,5.083424161168246e-07,1.679189532952987e-09
1997-11-01,0.0012195123462612756,0.002307375197647515,0.0018593125901835705,1.1834455834261993e-06,4.0934435212302814e-07
1997-12-01,0.0018264845260338447,0.0019140750305060138,0.0012376239203497619,7.672096473689082e-09,3.4675681292662487e-07
1998-01-01,0.0018231545615154943,0.002205551387961742,0.0006182380413299882,1.4622733287616187e-07,1.451823820615949e-06
1998-02-01,0.0,0.0024214125457283045,0.0012353306079928572,5.863238716610428e-06,1.5260417110440022e-06
1998-03-01,0.0006069802917769707,0.0015784560147200767,0.0,9.437650802678306e-07,3.6842507460565645e-07
1998-04-01,0.006652579721027507,0.002025155323423615,0.0,2.1413056555539745e-05,4.4256816944626427e-05
1998-05-01,0.0006025911601437173,0.0019380694425373821,0.001233806448929009,1.7835022427451332e-06,3.9843274079629926e-07
1998-06-01,0.0,0.0019579405647945887,0.002463055432396999,3.833531255268153e-06,6.066642063060367e-06
1998-07-01,0.004208001400205497,0.001865432698180869,0.0012292564547298213,5.4876281237053475e-06,8.872921450196883e-06
1998-08-01,0.002396645844599199,0.002166164402256616,0.0024539889615668997,5.3121695264317395e-08,3.288233063571413e-09
1998-09-01,0.004180358431757902,0.00189614547334345,0.0012247398958962208,5.217628839388504e-06,8.73568092952915e-06
1998-10-01,0.001786246381464629,0.002043062965883095,0.0006118079114054709,6.5954758032367e-08,1.379305719954896e-06
1998-11-01,0.001783061393656027,0.001903210042293909,0.0024434954124759045,1.4435697769509263e-08,4.361730932145745e-07
1998-12-01,0.0023724803536309125,0.002021242692034638,0.0012195123462612756,1.2336789492361913e-07,1.3293352260179112e-06
1999-01-01,0.0029577069772326325,0.0020314886328029356,0.0018264845260338447,8.578804215580887e-07,1.279664234096194e-06
1999-02-01,0.004126147911171607,0.0019493726713556416,0.0018231545615154943,4.738350444675854e-06,5.303778368560283e-06
1999-03-01,0.005865119452398204,0.001904107491460303,0.0,1.5689615754693116e-05,3.439962619089981e-05
1999-04-01,-0.0005849663811146044,0.0019091602641163833,0.0006069802917769707,6.2206677224511814e-06,1.4207368710172954e-06
1999-05-01,0.001753873586096688,0.0024995145349981877,0.006652579721027507,5.559804246787288e-07,2.3997321796408846e-05
1999-06-01,0.00582412828598855,0.0019497810669399844,0.0006025911601437173,1.5010566373749356e-05,2.7264449956575917e-05
1999-07-01,0.00289939315900245,0.0018212140728080372,0.0,1.1624701419070195e-06,8.406480690470208e-06
1999-08-01,0.0,0.0018654925510313038,0.004208001400205497,3.4800624579532814e-06,1.770727578413142e-05
1999-09-01,0.00519781707361755,0.0019594220088768616,0.002396645844599199,1.0487202595336847e-05,7.84656025428018e-06
1999-10-01,0.001726619133987306,0.0018778303449349257,0.004180358431757902,2.2864830316245533e-08,6.020836541423739e-06
1999-11-01,0.0017236430581650808,0.0019657986732112822,0.001786246381464629,5.8639341898404105e-08,3.919176088147756e-09
1999-12-01,0.002293578987099032,0.0021917693188964436,0.001783061393656027,1.0365208539521125e-08,2.606282132148374e-07
2000-01-01,0.005711037795514962,0.002531700667014226,0.0023724803536309125,1.0108184576663304e-05,1.1145965792759366e-05
2000-02-01,0.0022753138371349735,0.0024046751229424906,0.0029577069772326325,1.673434226577413e-08,4.6566039765234334e-07
2000-03-01,0.0005680204640086117,0.0024212383664526903,0.004126147911171607,3.4344165939392304e-06,1.2660270930254654e-05
2000-04-01,0.0017021280705309394,0.0027055145360515226,0.005865119452398204,1.0067843991898886e-06,1.733049724550112e-05
2000-05-01,0.005089069507470789,0.0028927717452490757,-0.0005849663811146044,4.823723860340106e-06,3.2194683264955035e-05
2000-06-01,0.002253522080443382,0.0028231345566433618,0.001753873586096688,3.244583730426725e-07,2.496486179029182e-07
2000-07-01,-0.0016896652851263738,0.0027456674246576153,0.00582412828598855,1.967217624647978e-05,5.645709382932796e-05
2000-08-01,0.0,0.003052924826793065,0.00289939315900245,9.320349998049466e-06,8.406480690470208e-06
2000-09-01,0.003938120420136748,0.002968590545496427,0.0,9.399881778200772e-07,1.5508792443498036e-05
2000-10-01,-0.002811359737545871,0.002562992476578682,0.00519781707361755,2.8883661721465486e-05,6.414691319247786e-05
2000-11-01,-0.0005632216425990322,0.0023738365329599017,0.001726619133987306,8.626310726617573e-06,5.243370782117525e-06
2000-12-01,-0.000563539039991845,0.002635311761198008,0.0017236430581650808,1.0232646448272963e-05,5.231201950129517e-06
2001-01-01,0.0016896652851263738,0.0026698546351215753,0.002293578987099032,9.607711618440155e-07,3.6471175943032055e-07
2001-02-01,0.0016868151314799462,0.0028857557789007462,0.005711037795514962,1.4374586760378071e-06,1.6194368049733076e-05
2001-03-01,0.002805050927608299,0.0030533914742203465,0.0022753138371349735,6.167302709157049e-08,2.8062138502314436e-07
2001-04-01,0.00447177939139376,0.0028302957052537695,0.0005680204640086117,2.6944686918637303e-06,1.5239333763139242e-05
2001-05-01,0.0011148273172461032,0.002424532563814961,0.0017021280705309394,1.7153278328899924e-06,3.4492217480893604e-07
2001-06-01,0.0005569479397662391,0.0026569683659181833,0.005089069507470789,4.410085790255393e-06,2.054012590445275e-05
2001-07-01,0.0022246950221109785,0.002088796715991211,0.002253522080443382,1.8468349606221982e-08,8.309992920997946e-10
2001-08-01,0.0027739268827247088,0.002269724436141487,-0.0016896652851263738,2.5422010714050665e-07,1.9923655040901528e-05
2001-09-01,0.0016606701851404893,0.0017981064847835653,0.0,1.8888736459581396e-08,2.757825463814547e-06
2001-10-01,0.0022099456508026805,0.0018238214620526403,0.003938120420136748,1.4909188913787665e-07,2.986588033362858e-06
2001-11-01,0.0016542600960267606,0.0021478602579966073,-0.002811359737545871,2.4364111989665887e-07,1.9941760497997256e-05
2001-12-01,0.0016515280384732378,0.002411920781983809,-0.0005632216425990322,5.781971243835333e-07,4.905116149809722e-06
2002-01-01,0.004390786417489245,0.002619579932080558,-0.000563539039991845,3.1371724139537942e-06,2.4545340738645215e-05
2002-02-01,0.005461510025522642,0.0022028529938364913,0.0016896652851263738,1.0618845650157596e-05,1.4226812745654994e-05
2002-03-01,0.0016326534238846335,0.002471092451688562,0.0016868151314799462,7.029800033447964e-07,2.9334905696401527e-09
2002-04-01,-0.0038136793702454597,0.0019235091468036577,0.002805050927608299,3.291533208016026e-05,4.3807590755727305e-05
2002-05-01,-0.001638896843209281,0.0011783736834710117,0.00447177939139376,7.937013220501452e-06,3.73403640441424e-05
2002-06-01,0.0010928962836445066,0.00198677659272676,0.0011148273172461032,7.990220069649848e-07,4.809702348343564e-10
2002-07-01,0.003271540540615625,0.002124811432985236,0.0005569479397662391,1.3149876462867882e-06,7.369012988586233e-06
2002-08-01,0.0043454712595014655,0.002610511816640052,0.0022246950221109785,3.010084268373987e-06,4.497691849080151e-06
2002-09-01,0.0032467560988695965,0.0021264289740474543,0.0027739268827247088,1.2551328666122478e-06,2.2356746764018894e-07
2002-10-01,-0.0010810811863724012,0.0020925576442617933,0.0016606701851404893,1.0071983427309178e-05,7.517200583192816e-06
2002-11-01,0.0005406866852455394,0.002447116154146684,0.0022099456508026805,3.634473319894701e-06,2.7864254940928967e-06
2002-12-01,0.00269905696916517,0.0025930859998680887,0.0016542600960267606,1.1229846333762956e-08,1.0916005061197976e-06
2003-01-01,0.004303395560053325,0.002543282525278862,0.0016515280384732378,3.0979978951829688e-06,7.032401352011313e-06
2003-02-01,0.002144772940133599,0.0022986642404812818,0.004390786417489245,2.3682532322700677e-08,5.044576540463202e-06
2003-03-01,0.0021401827323677125,0.0019443849010075916,0.005461510025522642,3.8336790765326336e-08,1.1031214988255852e-05
2003-04-01,0.00160213652427732,0.0026500392491405553,0.0016326534238846335,1.0981001207757934e-06,9.312811616428521e-10
2003-05-01,0.004259857346957219,0.0024572851349511883,-0.0038136793702454597,3.249266579496314e-06,6.51819951240198e-05
2003-06-01,0.003712547356184537,0.0018410082330443797,-0.001638896843209281,3.502658689444228e-06,2.863795501922574e-05
2003-07-01,0.001058201156948435,0.0014184466559902468,0.0010928962836445066,1.2977681957988396e-07,1.203751816456457e-09
2003-08-01,0.0005286809533657788,0.002058300095300382,0.003271540540615625,2.3397347193727517e-06,7.523278715368397e-06
2003-09-01,0.0031662295580501265,0.0014825340283244445,0.0043454712595014655,2.834830636818245e-06,1.390610990441849e-06
2003-10-01,0.005254872838358793,0.0013182508589833029,0.0032467560988695965,1.54969926085022e-05,4.032532839416721e-06
2003-11-01,0.0047058910374122576,0.0019774764652473868,-0.0010810811863724012,7.444246077601615e-06,3.348904751885516e-05
2003-12-01,0.0,0.007535494827599683,0.0005406866852455394,5.678368229678157e-05,2.92342091601809e-07
2004-01-01,-0.0005217845148388633,0.007612532864501107,0.00269905696916517,6.61671192278323e-05,1.0373819865081304e-05
2004-02-01,0.004166672694846163,0.007291658938393543,0.004303395560053325,9.765539022360364e-06,1.8693141870455707e-08
2004-03-01,0.0036316512028626846,0.005267351754298185,0.002144772940133599,2.675516293966399e-06,2.2108069681762633e-06
2004-04-01,0.003102380978480923,0.004907907791903756,0.0021401827323677125,3.2599270739888082e-06,9.258254648233386e-07
2004-05-01,-0.0005163955704734491,0.006773276692575805,0.00160213652427732,5.313932170266963e-05,4.488178236489082e-06
2004-06-01,0.0005163955704734491,0.007133816463236801,0.004259857346957219,4.379025927198091e-05,1.4013506071995021e-05
2004-07-01,0.006176036100565163,0.007688840538111797,0.003712547356184537,2.2885772662607874e-06,6.068776793690035e-06
2004-08-01,0.006138126688785661,0.008046588122510063,0.001058201156948435,3.6422250440134003e-06,2.5805643409011726e-05
2004-09-01,0.013674561020173392,0.005153801287421912,0.0005286809533657788,7.260334642327908e-05,0.00017281416273088975
2004-10-01,0.0015079168476770377,0.0053999638116788585,0.0031662295580501265,1.5148029569995791e-05,2.75000104538494e-06
2004-11-01,-0.005035257365645585,0.007425918257749681,0.005254872838358793,0.0001552808979171004,0.00010588677961536317
2004-12-01,0.0,0.00808279275688403,0.0047058910374122576,6.533153875073694e-05,2.2145410455997013e-05
2005-01-01,0.006039273514243604,0.0058699648826362315,0.0,2.8665412736760896e-08,3.647282457984429e-05
2005-02-01,0.0005016303089888652,0.005953597908950236,-0.0005217845148388633,2.972395071102855e-05,1.0473779016303406e-06
2005-03-01,0.001503382894031624,0.0054233996256237114,0.004166672694846163,1.536653117596191e-05,7.093112563122747e-06
2005-04-01,0.004995015380522716,0.005928070037713772,0.0036316512028626846,8.705909933059189e-07,1.8587618809266135e-06
2005-05-01,0.0029850768434531716,0.0056649143756084585,0.003102380978480923,7.1815291987481385e-06,1.3760260094608957e-08
2005-06-01,0.002480775273762781,0.003100807629059927,-0.0005163955704734491,3.8444012161532664e-07,8.983033069539715e-06
2005-07-01,0.005436138912260802,0.0017358253728927226,0.0005163955704734491,1.369232028963072e-05,2.420387454906099e-05
2005-08-01,0.004425873956855675,0.0044252261787156525,0.006176036100565163,4.1961651869082366e-13,3.0630675292737918e-06
2005-09-01,-0.004918849071596121,0.0048193279211471655,0.006138126688785661,9.483209114199467e-05,0.00012225671296567028
2005-10-01,-0.0044477463982364185,0.008627890153842094,0.013674561020173392,0.00017097227124205166,0.00032841802616735124
2005-11-01,0.0004951720824122319,0.008421146374112665,0.0015079168476770377,6.282106847269618e-05,1.0256519595712666e-06
2005-12-01,0.005430771185134908,0.0039002216640282752,-0.005035257365645585,2.342581836559744e-06,0.00010953775362575243
2006-01-01,0.0016579060562325054,0.0038117989511206197,0.0,4.6392546026495015e-06,2.7486524912924192e-06
2006-02-01,0.0038708491335395223,0.003544439886689389,0.006039273514243604,1.0654299642927131e-07,4.702064294831879e-06
2006-03-01,0.0051866474931996365,0.003970495786171816,0.0005016303089888652,1.4790249745066815e-06,2.1949386016350225e-05
2006-04-01,0.002996169481997768,0.0035990313813956784,0.001503382894031624,3.6344246974565627e-07,2.228411797211602e-06
2006-05-01,0.004124476656924614,0.0031563416051474764,0.004995015380522716,9.372854784795206e-07,7.578376692838129e-07
2006-06-01,0.0023140721794590036,0.004066211412980681,0.0029850768434531716,3.0699918936459316e-06,4.5024725910192634e-07
2006-07-01,0.0017790124666801077,0.004399774417638979,0.002480775273762781,6.868393203593751e-06,4.924710374045531e-07
2006-08-01,0.0003082332001191901,0.0037856763368870608,0.005436138912260802,1.2092610769453968e-05,2.629541699261457e-05
2006-09-01,0.004228600245437697,0.0037063405381780393,0.004425873956855675,2.7275520182694336e-07,3.891691721662362e-08
2006-10-01,0.0030784944010999737,0.003002487948938165,-0.004918849071596121,5.776980770225338e-09,6.395750262027483e-05
2006-11-01,0.007828164082873457,0.0021519705809888946,-0.0044477463982364185,3.221917267083653e-05,0.0001506979781402233
2006-12-01,0.0028938234029487475,0.001908859194120834,0.0004951720824122319,9.701544926719977e-07,5.75352815751157e-06
2007-01-01,0.003441775367173605,0.0005721720717124196,0.005430771185134908,8.234623073321696e-06,3.956104363867554e-06
2007-02-01,0.002414908637454083,0.0019373977928322853,0.0016579060562325054,2.2801660673142255e-07,5.730529079761311e-07
2007-03-01,0.00357164189274517,0.0019284156530525757,0.0038708491335395223,2.700192474814263e-06,8.952497294376961e-08
2007-04-01,0.002311706965508087,0.0007575609791580849,0.0051866474931996365,2.4153697468878205e-06,8.265283037763365e-06
2007-05-01,0.005900052068123607,0.0016249708634393783,0.002996169481997768,1.8276319306644357e-05,8.43253407400489e-06
2007-06-01,0.010423718797166082,0.0014475217127469203,0.004124476656924614,8.057211409833504e-05,3.968045154139391e-05
2007-07-01,0.007116065393503845,0.0021800353669479532,0.0023140721794590036,2.436439242306136e-05,2.305913882773271e-05
2007-08-01,-0.0014895846082945141,0.0020489932325709844,0.0017790124666801077,1.2521533135864334e-05,1.0683726838532653e-05
2007-09-01,0.000854726299673203,0.002534699936282073,0.0003082332001191901,2.822311419700832e-06,2.986547078601523e-07
2007-10-01,-0.00863561639955801,0.002135476517400218,0.004228600245437697,0.0001160164426257477,0.0001654880698893846
2007-11-01,-0.017864094092818306,0.0018251769596106622,0.0030784944010999737,0.0003876673945760173,0.0004385920128255983
2007-12-01,-0.008267605054081528,0.0006735922419701292,0.007828164082873457,7.994500908692146e-05,0.00025907378411015264
2008-01-01,0.002527574332266802,0.0024782258502413163,0.0028938234029487475,2.4352726782196922e-09,1.341383817753887e-07
2008-02-01,0.0036360422314452023,0.002187887363708255,0.003441775367173605,2.097152520950216e-06,3.773961455391918e-08
2008-03-01,-0.0009877705412728588,0.0026743714879292396,0.002414908637454083,1.3411284242048463e-05,1.1578225593341855e-05
2008-04-01,0.001006575752197314,0.0025677191328521316,0.00357164189274517,2.437168654962353e-06,6.579564305385072e-06
2008-05-01,0.0014704123326465535,0.002186150376351865,0.002311706965508087,5.122809472071065e-07,7.077766592816222e-07
2008-06-01,0.008265359855442078,0.0018780853609763,0.005900052068123607,4.0797275467653065e-05,5.594680928749403e-06
2008-07-01,-0.00029800985515660017,0.0015479928974393184,0.010423718797166082,3.4077261625917082e-06,0.00011495546529403715
2008-08-01,0.003342859790880226,0.003160021820655062,0.007116065393503845,3.3429723356057966e-08,1.4237080519670271e-05
2008-09-01,0.0019290254668353768,0.0030865546471187232,-0.0014895846082945141,1.3398738032074359e-06,1.1686894845779598e-05
2008-10-01,0.0029974349985861792,0.0033127939521650353,0.000854726299673203,9.945126960235107e-08,4.5912005683973395e-06
2008-11-01,0.003342996544930088,0.0023215401020599577,-0.00863561639955801,1.0433732646808998e-06,0.00014348716807385784
2008-12-01,0.000520041154798534,-0.0010649589203510109,-0.017864094092818306,2.512225238224063e-06,0.0003379764288026679
2009-01-01,0.0006485218758465194,0.0017813397676020326,-0.008267605054081528,1.2832763758814054e-06,7.949731943058816e-05
2009-02-01,-0.0009522298767450366,0.002024499112643056,0.002527574332266802,8.860915476263454e-06,1.2109037333056508e-05
2009-03-01,0.0003313132458968582,0.0013085720800097287,0.0036360422314452023,9.55034828851647e-07,1.0921233667923389e-05
2009-04-01,0.00023001407787592854,0.0017981760070802898,-0.0009877705412728588,2.459131836205944e-06,1.482999378635357e-06
2009-05-01,-0.0005199071645760611,0.002047671591844833,0.001006575752197314,6.592460670423866e-06,2.330150095200951e-06
2009-06-01,-0.000418882877727178,0.002275625170158165,0.0014704123326465535,7.260373620118883e-06,3.5694363919411223e-06
2009-07-01,0.0018675086613582081,3.108022836030515e-05,0.008265359855442078,3.372469389523133e-06,4.09324999016404e-05
2009-08-01,0.0014602967272390188,0.0007854000466812334,-0.00029800985515660017,4.5548552942791744e-07,3.091642037695762e-06
2009-09-01,0.001613946310657255,0.0017951226438254557,0.003342859790880226,3.282486370027491e-08,2.989141822096706e-06
2009-10-01,0.003475798701795263,0.0011222041412303266,0.0019290254668353768,5.5394073555208545e-06,2.3925074403882713e-06
2009-11-01,0.0025306368592339368,0.0018404845988305362,0.0029974349985861792,4.763101425399232e-07,2.1790050290271558e-07
2009-12-01,0.004008531438849161,0.0012772213538643279,0.003342996544930088,7.4600547803398565e-06,4.429366950238718e-07
2010-01-01,0.0032377948808051116,0.0022527546306543387,0.000520041154798534,9.703042944170972e-07,7.386185315222636e-06
2010-02-01,0.0032093192514253133,0.0027167438342919053,0.0006485218758465194,2.426305415641509e-07,6.557683198771238e-06
2010-03-01,0.005160211385657476,0.0016991351464616872,-0.0009522298767450366,1.1979048733525663e-05,3.7361938186320824e-05
2010-04-01,0.004683116049055691,0.0017087315206854006,0.0003313132458968582,8.846963322608555e-06,1.8938187637581075e-05
2010-05-01,0.0031766637911196938,0.0014313043061166633,0.00023001407787592854,3.046279731890044e-06,8.682744532559564e-06
2010-06-01,0.0,0.0017521276980370331,-0.0005199071645760611,3.069951470228553e-06,2.7030345977751953e-07
2010-07-01,0.002616610518663798,0.0015335947834021835,-0.000418882877727178,1.172923082824255e-06,9.214220159533221e-06
2010-08-01,0.0031494972889110073,0.0014989527805521659,0.0018675086613582081,2.7242971740735297e-06,1.6434948411747097e-06
2010-09-01,0.002169193455882734,0.0017161712319357608,0.0014602967272390188,2.052291353898617e-07,5.025345718817614e-07
2010-10-01,0.0006749796769751626,0.0011639562750814674,0.001613946310657255,2.3909811349561475e-07,8.816583391682806e-07
2010-11-01,0.0018461448804956149,0.0015019284714356124,0.003475798701795263,1.1848493626616298e-07,2.6557715772765454e-06
2010-12-01,0.00023768024196790805,0.0010413400272004597,0.0025306368592339368,6.458690504000311e-07,5.257650048664069e-06
2011-01-01,0.002720492157262555,0.0021856963728177615,0.004008531438849161,2.860065310599222e-07,1.65904519091014e-06
2011-02-01,0.0021351650368677255,0.002157970132712672,0.0032377948808051116,5.200723964971933e-10,1.2157925727413842e-06
2011-03-01,0.0020912821313983088,0.0028470871968807416,0.0032093192514253133,5.712412970089047e-07,1.2500070017582785e-06
2011-04-01,0.001659410766074565,0.0027694133330007633,0.005160211385657476,1.2321056985827495e-06,1.2255604978072094e-05
2011-05-01,-0.002070321770282213,0.0020238820488755168,0.004683116049055691,1.6762504912805742e-05,4.560892237966351e-05
2011-06-01,-0.0008267047975740738,0.0034306624692352727,0.0031766637911196938,1.812517604449969e-05,1.6026960056939928e-05
2011-07-01,0.00028876823050083544,0.003137545130881248,0.0,8.11552982814103e-06,8.338709094658363e-08
2011-08-01,0.005792717743123177,0.0031884717297522513,0.002616610518663798,6.7820972981583596e-06,1.008765710126306e-05
2011-09-01,0.004759919863458251,0.002171875544922865,0.0031494972889110073,6.69797339470329e-06,2.5934608686113716e-06
2011-10-01,0.002693164754400179,0.0020496119804034813,0.002169193455882734,4.141601729188448e-07,2.745459216700574e-07
2011-11-01,-0.0016807561740783683,0.0032416640220026575,0.0006749796769751626,2.4230220586786366e-05,5.549491399938904e-06
2011-12-01,-0.00012108893564644063,0.001996125495376618,0.0018461448804956149,4.482596946932293e-06,3.870008887372835e-06
2012-01-01,0.001978829766479784,0.0022522914766180792,0.00023768024196790805,7.47813069117611e-08,3.031601666707931e-06
2012-02-01,0.005415237848955812,0.002411185347642112,0.002720492157262555,9.024331430649097e-06,7.261654342899368e-06
2012-03-01,-0.0028158799739523843,0.0022808676924121873,0.0021351650368677255,2.5976836774592708e-05,2.4512846699166703e-05
2012-04-01,-0.002090162134340545,0.0026592015979538326,0.0020912821313983088,2.255645586163318e-05,1.7484476147480345e-05
2012-05-01,0.0004140697507883928,0.002114848785541908,0.001659410766074565,2.8926493250570986e-06,1.550874244353994e-06
2012-06-01,0.0023775795219549423,0.0019873962792328875,-0.002070321770282213,1.5224296290109794e-07,1.9783825905484956e-05
2012-07-01,0.001955538987195915,0.0014436821901672933,-0.0008267047975740738,2.6199738066439964e-07,7.740880477891231e-06
2012-08-01,0.0023844456313710793,0.0019483001742020333,0.00028876823050083544,1.902228598091962e-07,4.391863768518261e-06
2012-09-01,0.00037687366613070594,0.0013161249662158407,0.005792717743123177,8.821930047116159e-07,2.933136706629443e-05
2012-10-01,0.0005350878634908796,0.0019742276027739517,0.004759919863458251,2.0711231891837487e-06,1.7849205427948298e-05
2012-11-01,0.0018427904455764477,0.0028073276763885737,0.002693164754400179,9.303320696227245e-07,7.23136465107439e-07
2012-12-01,0.002640679493366882,0.002004705277237966,-0.0016807561740783683,4.0446320358078925e-07,1.8674806227867976e-05
2013-01-01,0.002421241717573963,0.001258460109193023,-0.00012108893564644063,1.352061068788966e-06,6.463445150304085e-06
2013-02-01,0.0011001732077016158,0.0009548902455198979,0.001978829766479784,2.1107139100294448e-08,7.720373482838923e-07
2013-03-01,0.002039973140249174,0.0018697138594853306,0.005415237848955812,2.89882226862212e-08,1.1392411853840505e-05
2013-04-01,0.0018624501675628125,-0.00266253140965996,-0.0028158799739523843,2.0475458274205486e-05,2.1886772913009603e-05
2013-05-01,0.0019011974817404464,-0.0018422663979004799,-0.002090162134340545,1.4013521818176296e-05,1.5930951584882203e-05
2013-06-01,0.0013202602787965034,-0.006618706053584754,0.0004140697507883928,6.30271864266831e-05,8.211812730516183e-07
2013-07-01,0.0011248524027509532,-0.004567483510873214,0.0023775795219549423,3.2402688153535484e-05,1.5693252351891254e-06
2013-08-01,-0.00016001414896038568,-0.005144434586166172,0.001955538987195915,2.484444709483472e-05,4.475565071900759e-06
2013-09-01,7.158844228705163e-05,-0.004708149099781459,0.0023844456313710793,2.284589097105913e-05,5.34930837709767e-06
2013-10-01,-0.0001979334907824537,-0.004246241426400746,0.00037687366613070594,1.6388797141590037e-05,3.304032676385897e-07
2013-11-01,-0.0018844345845421273,-0.005168803672413366,0.0005350878634908796,1.0787080305364152e-05,5.854088876535634e-06
2013-12-01,-0.0030893766581243653,-0.007611781749839756,0.0018427904455764477,2.045214781357329e-05,2.4326272338828467e-05
2014-01-01,-0.0063906934924871095,-0.00671598292535004,0.002640679493366882,1.058132151322871e-07,8.156569800961324e-05
2014-02-01,0.0025314368884981064,-0.004633083225049489,0.002421241717573963,5.133034845742805e-05,1.2142975695001163e-08
2014-03-01,0.0026903295965814422,-0.004878021344205454,0.0011001732077016158,5.7279935962909896e-05,2.52859734109533e-06
2014-04-01,0.0010419358923821065,-0.004794692098630135,0.002039973140249174,3.406622630546759e-05,9.9607834813007e-07
2014-05-01,0.0032923197040526375,-0.003521788272353424,0.0018624501675628125,4.643206751412071e-05,2.044526891381627e-06
2014-06-01,0.0027640971717159957,-0.003831606967182355,0.0019011974817404464,4.350331308788083e-05,7.445958749598989e-07
2014-07-01,0.0015850629039944053,-0.00642394660750443,0.0013202602787965034,6.414423335527881e-05,7.01204303117005e-08
2014-08-01,-4.2010893430699525e-06,-0.0023180678058657804,0.0011248524027509532,5.3539791818315895e-06,1.2747617880097084e-06
2014-09-01,-0.0022501171352722338,-0.003001421105015838,-0.00016001414896038568,5.644576549524983e-07,4.368530493389706e-06
2014-10-01,0.00098899280204634,-0.0022103240894705114,7.158844228705163e-05,1.0235628572345049e-05,8.4163075930535e-07
2014-11-01,0.0011939045033511064,-0.0028242394014658225,-0.0001979334907824537,1.6145480439817438e-05,1.937213001913732e-06
2014-12-01,-0.001076132249516526,-0.0018462627038416954,-0.0018844345845421273,5.931009166790919e-07,6.533526648078394e-07
2015-01-01,-0.00045854868045225317,-0.0029758506740179013,-0.0030893766581243653,6.336809326809587e-06,6.921255848102335e-06
2015-02-01,-0.0013305601262363353,-0.002396127454419128,-0.0063906934924871095,1.135433730890615e-06,2.5604949684244392e-05
2015-03-01,0.003129893008927631,-0.0012938508437026833,0.0025314368884981064,1.9569509673684498e-05,3.5814972807955776e-07
2015-04-01,0.0038233269232099687,-0.0012524102715656149,0.0026903295965814422,2.5763108070428305e-05,1.283682942147388e-06
2015-05-01,0.0023613057911537894,-0.0003337683140161234,0.0010419358923821065,7.263424432357406e-06,1.7407369297848007e-06
2015-06-01,0.0027721114340355513,0.0005453983402966545,0.0032923197040526375,4.958251201828249e-06,2.7061664419416973e-07
2015-07-01,-0.0005038276433131372,0.0007259982367678686,0.0027640971717159957,1.5124716953170206e-06,1.0679332596683192e-05
2015-08-01,0.0018475140801852419,0.0012613223773421105,0.0015850629039944053,3.4362071248213003e-07,6.888061988395354e-08
2015-09-01,0.0026197751847689688,0.0012544829211753716,-4.2010893430699525e-06,1.8640229650285285e-06,6.8852514871028966e-06
2015-10-01,0.002339947683754673,0.0005734518130244348,-0.0022501171352722338,3.1205076613069823e-06,2.106869504286851e-05
2015-11-01,0.0011782533036432952,0.000963590758295188,0.00098899280204634,4.608000837532817e-08,3.581953746473103e-08
2015-12-01,0.0025213409056821234,0.0008533766371196115,0.0011939045033511064,2.7821048012012753e-06,1.7620874022335137e-06
2016-01-01,0.004034925423658464,0.00011670214811999345,-0.001076132249516526,1.535247363697142e-05,2.6122910538520943e-05
2016-02-01,0.0015913904232975895,0.0007680166797474988,-0.00045854868045225317,6.779443215676905e-07,4.202250329082709e-06
2016-03-01,-0.00046731079887507576,0.0010031520927781066,-0.0013305601262363353,2.162261115729039e-06,7.451994011896671e-07
2016-04-01,0.0012333918811613387,0.0009213974079581942,0.003129893008927631,9.734055130930767e-08,3.596716527618819e-06
2016-05-01,-0.0007742776356360892,0.0012139319085534071,0.0038233269232099687,3.952977191606205e-06,2.1137967679522054e-05
2016-06-01,0.0006514164440556414,0.0021024719676967217,0.0023613057911537894,2.1055621326892897e-06,2.923721579319731e-06
2016-07-01,0.0003275963060049847,0.0015464803724917753,0.0027721114340355513,1.485678367535375e-06,5.975654211170297e-06
2016-08-01,0.0038412391487883113,0.0018317253200572925,-0.0005038276433131372,4.0381458278611986e-06,1.8879605427822774e-05
2016-09-01,0.005093396526107519,0.001966279605790115,0.0018475140801852419,9.778860233335403e-06,1.0535752852746383e-05
2016-10-01,0.0007747520471248492,0.0018841571732191372,0.0026197751847689688,1.230779733804283e-06,3.4041103784421515e-06
2016-11-01,0.0026644546143197445,0.0015832331944038575,0.002339947683754673,1.169039758884927e-06,1.0530474798476422e-07
2016-12-01,0.0021046728661735514,0.001356541952939091,0.0011782533036432952,5.596998633370276e-07,8.582532058387514e-07
2017-01-01,0.004244324461827986,0.0014423979589555517,0.0025213409056821234,7.850792127498951e-06,2.968672334749044e-06
2017-02-01,0.0026886698861776637,0.0015362972342380418,0.004034925423658464,1.327962728938357e-06,1.812403972197719e-06
2017-03-01,0.00019234391150568797,0.0017242854470298022,0.0015913904232975895,2.3468448682639806e-06,1.9573311421570873e-06
2017-04-01,0.002601021066074516,0.0020971302897932406,-0.00046731079887507576,2.539059144213462e-07,9.414660433465039e-06
2017-05-01,0.0022554044437672616,0.0018565537477235779,0.0012333918811613387,1.5908187773453096e-07,1.0445096781243255e-06
2017-06-01,0.0009007393845479328,0.0014303361969064416,-0.0007742776356360892,2.804727836602936e-07,2.8056820179061605e-06
2017-07-01,0.0007805158171931836,0.0016945400599636565,0.0006514164440556414,8.354403163721362e-07,1.6666648144506372e-08
2017-08-01,0.0017857254132316314,0.0012256399226891427,0.0003275963060049847,3.1369575671622016e-07,2.1261404933415776e-06
2017-09-01,0.0020601581183257167,0.0011926153705903672,0.0038412391487883113,7.526304191482004e-07,3.1722496370736976e-06
2017-10-01,0.002336847588066071,0.0012940321676494398,0.005093396526107519,1.0874640010587154e-06,7.598562047817433e-06
2017-11-01,-0.0007044399795823608,0.0018444711321981423,0.0007747520471248492,6.496947855758122e-06,2.1880090518741837e-06
2017-12-01,0.0006846591120321932,0.0016518155336503735,0.0026644546143197445,9.353915438772834e-07,3.9195902308780175e-06
2018-01-01,-0.0008153120801193126,0.0014147119316953545,0.0021046728661735514,4.973007093269982e-06,8.52631208657694e-06
2018-02-01,0.0029967603671732235,0.0018038699132751895,0.004244324461827986,1.4229876350010576e-06,1.556416170271758e-06
2018-03-01,0.0037746599164281136,0.0021782655100769472,0.0026886698861776637,2.548475100629293e-06,1.1793743458033732e-06
2018-04-01,0.0037526294749223865,0.0022965412092199318,0.00019234391150568797,2.1201930375163823e-06,1.2675633293073359e-05
2018-05-01,0.0002468028273412415,0.001569003616704015,0.002601021066074516,1.748214927391541e-06,5.542343515584401e-06
2018-06-01,-0.0003251656708549433,0.0019938047838849865,0.0022554044437672616,5.377623969956717e-06,6.659342116481259e-06
2018-07-01,0.0023052171103783436,0.0018095183848620177,0.0009007393845479328,2.457172264785099e-07,1.972557682353763e-06
2018-08-01,0.0009143518703291775,0.0019179659078970698,0.0007805158171931836,1.0072411364033266e-06,1.791208911902058e-08
2018-09-01,0.0015376632893948639,0.0014355142031378006,0.0017857254132316314,1.0434435823152955e-08,6.153481728240779e-08
2018-10-01,0.00282329305404172,0.0016083170067558955,0.0020601581183257167,1.4761667954782861e-06,5.823749301102685e-07
2018-11-01,0.0028114667260625836,0.0014337964755213872,0.002336847588066071,1.897975319226243e-06,2.2526332615255263e-07
2018-12-01,0.0029079862276502055,0.0011196894374577218,-0.0007044399795823608,3.19800540981274e-06,1.3049623102700664e-05
2019-01-01,0.0019198201188963537,0.0012924757324911046,0.0006846591120321932,3.935609791541785e-07,1.5256227128776867e-06
2019-02-01,0.0004745581007972177,0.0013408026563809907,-0.0008153120801193126,7.503796300785283e-07,1.6637650836176426e-06
2019-03-01,-0.004538731922905548,0.001114608154322882,0.0029967603671732235,3.196025402879715e-05,5.6783644053836604e-05
2019-04-01,-0.007951678519018124,0.001146914818130782,0.0037746599164281136,8.278440071481047e-05,0.0001375070131026237
2019-05-01,-0.0008987289452484504,0.0015100826232548404,0.0037526294749223865,5.802373172555284e-06,2.1635135152894144e-05
2019-06-01,0.004835787945000725,0.0016311649352348124,0.0002468028273412415,1.0269608634721135e-05,2.105878441010022e-05
2019-07-01,0.005083500471799951,0.0016736219886140432,-0.0003251656708549433,1.1627271270094228e-05,2.9253669442701373e-05
2019-08-01,0.003724399090982544,0.0014521986832639986,0.0023052171103783436,5.1628946928363256e-06,2.0140774940716613e-06
2019-09-01,0.002622697257172568,0.002005241746166619,0.0009143518703291775,3.8125130807161784e-07,2.918443960749094e-06
2019-10-01,0.0012377095499918056,0.0013089940792107469,0.0015376632893948639,5.0814841059660896e-09,8.997224578187778e-08
2019-11-01,0.0022715509642852183,0.0018943995310732676,0.00282329305404172,1.4224320357382854e-07,3.044193336088716e-07
2019-12-01,0.004336891736264725,0.0019534537205687704,0.0028114667260625836,5.680776774664671e-06,2.326921461750204e-06
2020-01-01,0.002264220954979912,0.0023116183139630783,0.0029079862276502055,2.24650963857914e-09,4.1443372629625745e-07
2020-02-01,0.003549903768219842,0.0018566576083725854,0.0019198201188963537,2.867082557837481e-06,2.657172703791781e-06
2020-03-01,0.004821931298899962,0.002201062242841266,0.0004745581007972177,6.868954609006e-06,1.8899653723582082e-05
2020-04-01,0.006690876031452575,0.0009405960732104281,-0.004538731922905548,3.306571959816131e-05,0.00012610409480858322
2020-05-01,0.006650131324619224,0.0007399450340785411,-0.007951678519018124,3.493030198889504e-05,0.00021321285070974454
2020-06-01,0.008554829085201554,0.00015782615790983713,-0.0008987289452484504,7.050965816094565e-05,8.936975943508577e-05
2020-07-01,0.004625244344546253,0.00019978411515162017,0.004835787945000725,1.9584698241953593e-05,4.432860769233209e-08
2020-08-01,0.0028895758626878987,-5.670801045268032e-05,0.005083500471799951,8.680588661128252e-06,4.813305190467471e-06
2020-09-01,0.004353447740257366,0.0014641012585949482,0.003724399090982544,8.34832309109499e-06,3.957022031544774e-07
2020-10-01,0.009395676509310391,0.001128159633087326,0.002622697257172568,6.83518352986332e-05,4.587324794988942e-05
2020-11-01,0.008268676737057667,0.001010585217381879,0.0012377095499918056,5.267989250798959e-05,4.943449958559684e-05
2020-12-01,0.007083281049546031,0.0014785875712415733,0.0022715509642852183,3.141258898574852e-05,2.3152746413404027e-05
2021-01-01,0.0061631726574553625,0.0010863013212875155,0.004336891736264725,2.57746225640027e-05,3.3353020031049226e-06
2021-02-01,0.006993911065756642,0.0014178670695232096,0.002264220954979912,3.10922666479309e-05,2.2369968543979196e-05
2021-03-01,0.010286947872728547,0.001455368645818208,0.003549903768219842,7.799679164119421e-05,4.538776326609549e-05
2021-04-01,0.0038712032916254913,0.0012455746254544642,0.004821931298899962,6.893925892619045e-06,9.038837438160858e-07
2021-05-01,0.00937095674013122,0.001462299700101856,0.006690876031452575,6.254685617680603e-05,7.182832605031427e-06
2021-06-01,0.012869163284292107,0.0027113225319955235,0.006650131324619224,0.00010318172874901723,3.8676358515432735e-05
2021-07-01,-0.0004474485339356349,0.0019244662417285843,0.008554829085201554,5.6259797030142435e-06,8.104100233201834e-05
2021-08-01,0.0007524123303204178,0.0019386922941022856,0.004625244344546253,1.4072601524703097e-06,1.4998827810412542e-05
2021-09-01,0.0042563829614890025,0.0014899299503469713,0.0028895758626878987,7.653262262856812e-06,1.8681616453330905e-06
2021-10-01,0.005242273109029583,0.0030487625975347387,0.004353447740257366,4.811488364038372e-06,7.900105361730675e-07
2021-11-01,0.0024434933649217783,0.002141633934427479,0.009395676509310391,9.111911577834271e-08,4.833285047312114e-05
2021-12-01,0.0003347190734093175,0.0019608159383129337,0.008268676737057667,2.6441910140493696e-06,6.294768420856439e-05
2022-01-01,0.005500093963505925,0.002219406355217477,0.007083281049546031,1.0762911183177378e-05,2.50648134940416e-06
2022-02-01,0.0033890903833126984,0.0029080649796644612,0.0061631726574553625,2.313854389549495e-07,7.695532463712534e-06
2022-03-01,0.0005537879067585294,0.00286811940198012,0.006993911065756642,5.356130269774603e-06,4.147518630306382e-05
2022-04-01,0.004019849879877135,0.002640729762352666,0.010286947872728547,1.9019722985607066e-06,3.927651725200219e-05
2022-05-01,0.0015111175575084346,0.0030640032206256775,0.0038712032916254913,2.411453882715079e-06,5.570004672382846e-06
2022-06-01,0.002578139933008039,0.0036374678365349526,0.00937095674013122,1.122175607190726e-06,4.6142360175135166e-05
2022-07-01,0.0016953778739940972,0.00435430739786811,0.012869163284292107,7.069906212928884e-06,0.00012485348039538866
2022-08-01,0.00498729652351404,0.003628992282709495,-0.0004474485339356349,1.8449904105876114e-06,2.953645383947367e-05
2022-09-01,0.004029266492598715,0.00305072822805749,0.0007524123303204178,9.575371351713534e-07,1.0737773200840604e-05
2022-10-01,0.0009072773037219761,0.0025543247860326888,0.0042563829614890025,2.7127654089860573e-06,1.1216508706887106e-05
2022-11-01,0.0014096861398353866,0.0020915750848332195,0.005242273109029583,4.6497253331025757e-07,1.4688722876437153e-05
2022-12-01,0.002101093146444022,0.0020200026990014556,0.0024434933649217783,6.5756606664356096e-09,1.1723790961361529e-07
2023-01-01,0.003424256695411465,0.002757616237864154,0.0003347190734093175,4.444094996388879e-07,9.545242717766685e-06
2023-02-01,0.003956088765693977,0.0025125602890606756,0.005500093963505925,2.0837744628512594e-06,2.383952050870314e-06
2023-03-01,0.0034824285068122407,0.0013011367233836861,0.0033890903833126984,4.758033844452925e-06,8.712005298415809e-09
2023-04-01,0.0029082297105631483,0.002575871635973341,0.0005537879067585294,1.1046188974504402e-07,5.5433962075027476e-06
2023-05-01,0.00039606743885212126,0.002605466483697266,0.004019849879877135,4.881444139362638e-06,1.313179917988121e-05
2023-06-01,-2.8741551183486536e-05,0.0017612437672003653,0.0015111175575084346,3.2040474400297396e-06,2.3711660746214776e-06
2023-07-01,0.0013882308990167402,0.0017092715564272338,0.002578139933008039,1.0306710371056188e-07,1.4158835091741058e-06
2023-08-01,0.0018002321266124,0.0017694618346182952,0.0016953778739940972,9.46810869402466e-10,1.0994414292142843e-08
2023-09-01,0.002289414687496105,0.0005704488551673308,0.00498729652351404,2.9548435327137557e-06,7.278566401115502e-06
2023-10-01,0.0022620029790365592,0.001160283613755998,0.004029266492598715,1.2137855598342025e-06,3.1232203263680573e-06
2023-11-01,0.0028005771350851916,0.001468301321514073,0.0009072773037219761,1.774958843426586e-06,3.58458425143998e-06
2023-12-01,0.003640084012757505,0.0021290792032917787,0.0014096861398353866,2.2831355342285563e-06,4.974674671535511e-06
2024-01-01,0.004658483755614284,0.00021864583739314382,0.002101093146444022,1.9712160740074236e-05,6.540246727872246e-06
2024-02-01,0.0021569645576446916,0.0019493540072968766,0.003424256695411465,4.310214061572265e-08,1.6060293624454785e-06
2024-03-01,-0.0005004770276038073,0.0029521709877957767,0.003956088765693977,1.1920778318242685e-05,1.986097866999191e-05
2024-04-01,0.00220647154225162,0.002748894958208412,0.0034824285068122407,2.9422316217823477e-07,1.6280661754107527e-06
2024-05-01,0.000808237197630568,0.0027171329490420434,0.0029082297105631483,3.6438829897567816e-06,4.409968554372893e-06
2024-06-01,0.0028656884799387328,0.002965728941827381,0.00039606743885212126,1.0008094014894123e-08,6.099028086577719e-06
2024-07-01,0.0019638557533534495,0.0020879681515334194,-2.8741551183486536e-05,1.5403887381983398e-08,3.970444018047863e-06
2024-08-01,0.003817224261578822,0.0011675218064760434,0.0013882308990167402,7.020923100577693e-06,5.90000875537065e-06
2024-09-01,0.0031000500332316605,0.0016303064628095288,0.0018002321266124,2.160146162797196e-06,1.6895265903680767e-06
