0.009699023901612591,0.010039657595562801,0.004577438172697512,-0.003080477137269,-0.0014490999010039474,-0.006575138580045881,-0.007795424950225893,-0.014425709964057454,-0.009186581261681148,0.010079223961787953,-0.014749329736186922,-0.02702401716453906,-0.004821369724057334,-0.0011645130262376568,0.002580425148439147,-0.002950889638459131,-0.07996888880315023,-0.003381101979379686,-0.17310000000000514,425.0,0.06929414499999997,-0.0019569953613594038,-0.0021238187549688092,0.0,1.1999999999999993,-0.019324272826403366,-0.018100041643617892,0.02304588387999207,0.06762482717428409,-0.010152371464018373,-0.09087089548180671,0.0015535210776178587,0.0009052145738301931,-0.02116232278491026,0.006356795343037902,-0.0011762400885650948,-0.001255020245050531,-0.0010450413742386644,0.0016574568330209871,0.000612248592045006,-0.00037305207900395487,-0.002420918942007688,0.0011327595230277154,0.0024172117160006223,40.8,-0.19999999999999973,41.3,7.365812837209472,5.3471075307174685,5.093750200806762,6.656726524178391,6.063785208687608,7.3098814858247865,5.14166355650266,5.356586274672012,6.608000625296087,5.916202062607435,-0.02155066610069234,0.04997958457166263,0.2603094440916056,0.004969193387330151,-0.0031691904499968615,0.0,-0.018931731661584905,-0.00018367492561921495,0.0025413401989027307,-0.028213061496979108,-0.05272668933739144,0.009951127598186504,0.0031809102718476367,-0.004609606421881907,-0.00570503357644192,-2.1511709999999766,0.031435829670616755,-0.04310583999999995,0.025069875419797327,0.0,-0.1100000000000001,-0.020000000000000018,-0.020000000000000018,-0.020000000000000018,-0.11999999999999988,-0.10000000000000009,-0.06999999999999984,-0.10999999999999988,0.1,-0.03,-0.03,-0.02,0.01,0.21,1.39,2.22,-0.0010787821178865897,-0.013112255063295997,0.0015176240057765966,-0.0025205283537078627,-0.00609339991850083,-0.008172983334659989,-0.010887689403277001,-0.005067142310187123,-0.020820267399376036,-0.08897496052161635,0.013099461094594922,-0.0009881661087520754,0.002494476975043902,-0.010743623274629854,-0.0031091214948970602,-0.005398413618173947,0.0015691155892421094,0.0015251198224106588,-0.0013380140451504374,-0.002447466960887823,-0.0007842890799478752,-0.0009639329022341769,0.005032147771800055,-0.003994445235478317,-0.0010070665953447744,-0.0016012650612413637,-0.0024403365241498776,-0.003122911304484166,0.5,-0.007566065383130649,-0.006148078710147331,-0.0005609139680959885,14.0517
0.004320444192536854,0.005258533858910397,-0.0034709425561141316,0.0033234581852230605,0.00040953022022272023,0.003356601456009578,0.006125709126364676,0.007463215858990679,0.010194012023499788,0.027735738408351196,0.00498228227320574,-0.0022320342183714814,-0.00043919846986550937,-0.0016870793630925363,-0.0037594605639696965,0.0017766472519884502,0.04569808451036206,-0.03714984106667085,0.1968000000000103,-158.0,-0.0029888909999999935,0.0005473720198470033,0.0012987751729518493,-0.10000000000000009,-1.2999999999999972,0.018366876870075544,0.015855371789793793,-0.0833605339013781,-0.11707866146370538,-0.057758834152192406,-0.024901451100951988,0.001715283195766304,0.0018079746099104455,0.007733014153094686,0.004609820478160387,-0.00015693659793747372,0.0,-0.00041832253276830045,0.0017004278041437004,-0.0013330212915505513,-0.0004749949197009329,0.0004318165040348987,0.004292821775454314,0.0033305609471643294,40.9,0.10000000000000009,41.5,7.3453648404168685,4.74493212836325,5.272999558563747,6.77078942390898,5.905361848054571,7.282761179605593,4.875197323201151,5.267858159063328,6.63200177739563,5.916202062607435,-0.016932447420233032,0.0282670488674448,0.01789362258025662,0.008701696806314274,-0.005611898392205106,0.0,0.006531725848788028,-0.0012088122199607199,0.0027863587249754573,-0.001236938720083458,-0.003103739451617571,0.006821361940298587,0.00019558089520366195,0.0003776786791789277,0.0041335183844246615,-0.4144540000000063,-0.0002715273122824158,0.014120603000000065,-0.0001830108144749154,0.030000000000000027,-0.05999999999999983,0.0,-0.050000000000000044,-0.1200000000000001,-0.24,-0.26,-0.16000000000000014,-0.16000000000000014,0.01,-0.06,-0.11,-0.17,-0.26,-0.08,1.2,2.03,0.014055355703936456,0.006577618781795171,0.006956828950645644,-0.00945106731384543,0.014938666433467251,-0.0053210845563720355,-0.007788209254335321,-0.007665395374514716,-0.0588524917965767,-0.08915776531410691,-0.03522299151054131,-0.0014452620181009124,0.006984877152980573,-0.0071841614627699,0.000257601251262507,-0.001615076013719019,0.004497896786215705,-0.0011345450523911893,-0.0016207119640565537,-0.00174356290368749,-0.0016131551287221768,-0.000958880127909012,0.003655677992580486,-0.005802570102474647,-0.00018334416403575915,0.002379363101497667,0.0027424618869691386,0.0026690407303777697,1.2000000000000028,-0.0039222158943221785,-0.0032717828308719277,0.01021472737384066,19.6207
-0.013811200953684377,-0.022569520183880698,-0.06800462498189042,-0.04446453753791069,-0.0956471080775021,-0.039905426201024774,-0.04933503035618525,-0.05333447630425514,-0.05157878712658359,-0.1850943392774651,-0.014145227641659375,-0.07058034730120077,-0.026670720592718133,-0.062398165583611664,0.004979929724269638,-0.047070100189495534,-0.036775132732500104,-0.09913117724286558,-3.489699999999999,-1072.0,-0.39291701200000007,-0.011668929381841053,-0.021403893517380368,0.9000000000000004,-3.6000000000000014,0.4940185054496098,0.035865913188496634,0.01360565205577835,-0.006357300495466234,0.026668247082161756,2.4078147723101075,-0.009215499917360148,-0.006390102812247278,-0.009159887165694158,-0.009108372653084729,-0.004640744554039955,-0.004152777628551263,-0.005454177565361817,-0.00966908588374693,-0.0028521419410267868,-0.002939804147928271,-0.005576372758648418,-0.00180525830365319,-0.0013133702964864824,40.7,-0.10000000000000009,41.2,7.143617602704121,4.394449154672439,5.049856007249537,6.568077911411976,5.75890177387728,7.204892510204673,4.727387818712341,5.081404364984463,6.595780513961311,5.8289456176102075,-0.10156999021511126,-0.1605226536666926,-0.3164799784340566,-0.01163281217064771,-0.003393629756956784,0.08000000000000007,0.06115375033464687,0.03023580794198999,0.0380376528372679,0.11350534566330595,0.18852549429693166,0.19219410504371992,0.08840637291098474,0.0018503907364095795,-0.0013649625454714709,2.9712803999999835,-0.211561843625784,0.44196042199999996,-0.2015148423112798,-0.93,-0.24,-1.23,-1.18,-1.0799999999999998,-0.7300000000000001,-0.63,0.2400000000000002,0.6800000000000002,0.7,-0.34,-0.34,-0.3,-0.04,0.24,2.39,3.66,0.011413083229455445,-0.017463631629145132,-0.021702594766095373,-0.04613407915524609,0.04948524809117688,-0.014816879593988475,-0.01983221233514687,-0.0058179090716761195,-0.017153304265792535,-0.41888637410765517,0.010948295583715684,-0.005013290023701877,-0.015273298222752807,-0.023984382984446384,0.0012841438732058563,-0.008034170624291903,-0.003054453223115594,-0.0033627711326902343,-0.005807873348280701,-0.006071746694186864,-0.005623511869369935,-0.003686131943216431,-0.007187802254658315,-0.007256325720897294,-0.0019264108591210416,-0.001992398073446644,-0.004821417364926361,0.0008786348308928993,-11.900000000000006,0.00473400040227645,0.0014687526565548836,0.02108002089524952,58.0813
0.11410659298084802,-0.0634367386016077,-0.11594146295945063,-0.12234368531057349,-0.15512911377023642,-0.14142247901545613,-0.1429365921628527,-0.1542093472109478,-0.1211009382004331,-0.4913402510693903,-0.044189534979418355,-0.26016056660918885,-0.13923700270965078,-0.2056998489872921,-0.0863504596406619,-0.16528351870111013,0.1355202384418046,-0.17932703093561653,-11.179300000000005,-1288.0,-0.618397359,-0.03946213157256295,-0.15396080773289889,10.4,-9.8,1.4274435960712832,1.3428152714444623,-0.12849509105948353,-0.002554279805096371,-0.22533894187764592,0.6915936781717136,-0.14579354906131314,-0.1208794861990583,-0.09600850385504955,-0.14517372185338218,-0.10830819649516954,-0.1204663298241826,-0.08835085938436116,-0.14985835827203609,-0.1186692158259639,-0.06876679955865228,-0.15273803148147103,-0.030383535238632575,-0.04104653455641305,38.6,-1.1999999999999997,38.4,6.841615476477592,3.8918202981106265,4.912654885736052,6.3561076606958915,5.1647859739235145,6.98100574072173,4.174387269895637,4.969813299576001,6.423246963533519,5.5254529391317835,-0.19448593260557168,-0.21464331468568432,-0.004676428865760585,-0.008054516999171923,-0.014264406722233502,0.22999999999999998,0.054727433443982676,0.027861526609370912,0.06930048999510419,0.10433672683863016,0.14604947969576276,0.37414999028560314,0.04318574069257419,-0.0009454941849540432,-0.0034980510697781853,-17.741266799999977,0.04048669349621026,-0.08792239000000013,0.05971780249936032,-0.6,-0.24,-0.14999999999999997,-0.11999999999999997,-0.15000000000000002,-0.19999999999999996,-0.20999999999999996,-0.5899999999999999,-0.16000000000000014,0.7,0.09,0.12,0.13,0.34,0.61,2.38,4.08,0.008035841158095636,0.01119530714333588,0.000662006032368545,0.004114734112459967,0.006283939558534568,-0.005603635100347226,-0.00837345237792153,-0.018962843294742626,-0.06672032305186981,-0.019871029016178987,-0.025705479165661238,-0.003412946596112576,-0.02625965887098136,-0.029970790674410885,0.00047392290204051335,-0.005349045113496764,-0.005985503104684042,-0.002408164694800874,-0.005887943628968273,-0.004825088525151955,-0.0038029037713300795,-0.0012691739983283767,-0.004125775302573409,0.0026599903842736694,-0.002019679118415496,-0.004357771063603355,-0.015895760488686683,0.0021905878117682853,-17.299999999999997,0.004010436957107899,-0.0007971092235425914,-0.03177134214192634,40.7369
-0.04326648797784216,0.02383880904215907,0.07994045490633983,0.08042186841607268,0.17651837183523433,0.016402914528458545,0.036939554622855475,0.04530691151410604,0.03952023526831017,0.18770569446178698,0.012714815807369106,0.08307132665757422,-0.012989157789204953,0.04673651546284496,0.0011602017720777624,0.04199941902856352,-0.0015857107448038477,0.02297195131467511,2.7439000000000036,1006.0,0.06861253600000003,0.011655188082281498,0.02950376377018671,-1.6000000000000014,3.3,-1.305189758916125,0.7397379550839531,0.26617586723081743,0.30511239806867163,0.23146051761847541,-0.7634198682959212,0.019859153247319128,0.03636571606418926,-0.04281781416051178,0.07130033705647776,0.019833635528868854,0.018602565753667477,0.021819047394640023,0.017100340500405764,0.01659336806746481,0.0026579782256295204,0.028612392239164564,0.001977089671173715,-0.023833745591806732,39.5,0.3999999999999999,39.4,6.946013991099227,4.248495242049359,4.955827057601261,6.236369590203704,5.755742213586912,7.1308988302963465,4.6443908991413725,5.14166355650266,6.525029657843462,5.680172609017068,0.036374448164819384,0.11024846899569951,0.14632514942682917,0.003212772963365751,-0.023639347967115754,-0.17999999999999994,1.098607718290877,-0.012719784197900097,0.04953622989006945,-0.160339203854166,-0.25576220099698066,0.09780495563960279,-0.09162027534931472,-0.005086533964556494,0.005076349942120473,6.887932599999999,0.05550565699406995,-0.1154029689999998,0.0710483979809089,0.0,-0.24,-0.010000000000000009,-0.020000000000000018,-0.01999999999999999,-0.04999999999999999,0.010000000000000009,0.06999999999999984,-0.17999999999999972,0.12,0.08,0.1,0.11,0.29,0.62,2.45,3.9,-0.0036838397283380786,-0.0009281700248672045,-0.005011674285854362,-0.009546225719156198,-0.005424709948175344,0.04882425632875531,0.06828231719922151,0.035518947811762125,0.24229575047047636,1.113746050224889,0.040873513736704226,0.0070529495737696735,0.013269354937713196,0.04302959201106482,0.000668655678515151,0.014427185980438573,0.0026787363999520863,0.002761896427941224,0.009447511723477575,0.00945450473289089,0.007676538643403674,0.005162345767874221,0.007337586354469572,0.0073581641549766985,0.004151896869830196,0.008309568569471182,0.022151480558811,-0.003979247967859312,0.5,0.016393004495123265,0.01069434401835423,0.009339123754875445,30.2692
-0.0003339323417215212,0.02282692589080959,0.053048683801899976,0.07327410485381058,0.07949897650166626,0.06347249159182677,0.06792045360788812,0.08324310061184725,0.08460622981849131,0.35669133265939656,0.020515875591115673,0.10603738312345357,0.056945959230198184,0.08879246180208344,0.016949987233579655,0.07457819648204822,-0.033708746894079766,0.05817513712311051,5.125699999999995,517.0,0.07906809999999997,0.011902245224572283,0.03698970971395532,-2.1999999999999993,3.9000000000000004,-0.28466963311209526,-0.2507742527107144,0.3933142903256517,0.5915496044316617,0.16665161618443047,-0.37734887052871535,0.03421694591043867,0.024630393883979806,-0.028097966755589177,0.02188889199044297,0.02886448266771957,0.03633273711091789,0.01672093354742543,0.03582565396144766,0.03879712302815008,0.007426628587939632,0.05847761640868043,0.0017412506576057751,0.000887746816859547,39.8,0.19999999999999973,39.9,7.143617602704121,4.7535901911063645,5.337538079701318,6.47543271670409,5.680172609017068,7.195937226475569,4.90527477843843,5.272999558563747,6.546785410760524,5.726847747587197,0.16953602159613013,0.09490735529403338,-0.15866468710284565,-0.007065397411386343,-0.012184101319931528,-0.14000000000000012,-1.1977382789800473,-0.03264845914041459,0.011142414696532654,-0.090035953123623,-0.14120568942587575,-0.05148431965999101,-0.07566044036016262,0.0003050204672483403,0.0034212744516146643,0.5345834000000025,0.06145073775930232,-0.12069919900000015,0.07552399672768129,0.03,0.03,0.03,0.03,0.01999999999999999,0.0,0.05999999999999994,-0.06000000000000005,-0.31000000000000005,0.12,0.08,0.1,0.1,0.26,0.65,2.36,3.56,-0.025622836511579372,-0.01864151872995924,0.0035217763338950547,0.01780510279571887,-0.030521189034886986,-0.017193030153205946,-0.022932934467730703,0.010184734447240551,-0.036055061133248856,-0.25191721440713755,0.03313464685025558,0.005734516890250063,0.036754394074687724,0.039156590333642605,-0.0013007902851081,0.01033934351275434,-0.0023883696742883487,0.003251270397718109,0.006840814895366698,0.00883323757701504,0.00643398097351966,0.002149578640215033,-0.0035991071340282232,0.011953205964896796,-8.000196023605355e-05,-0.007510920662246345,0.0033814984761124656,-0.008813718385069613,5.799999999999997,0.004247059108960727,0.0009935688461872871,0.026202916428745837,31.207
0.009515632160081111,0.008108264336932791,0.015218759452945818,0.02774350868084241,0.01583039391666219,0.03678711230080012,0.037660803255699093,0.04244004464252793,0.045112609022591954,0.15003269722664392,0.013879103091330336,0.044368010313855955,0.03559538206273061,0.04897519516265092,0.011511715997169603,0.035918936457679074,0.03882428017829742,0.04567966240967536,2.651600000000002,401.0,0.05212675,0.0008621605776983898,0.010044785824751656,-0.8000000000000007,2.5999999999999996,0.07641342040709809,-0.8062328820241795,0.8954141784924801,1.216105477651353,0.13057499727092026,-0.07432737087305519,0.011440004010383475,0.0025363986610607014,-0.019498961371348322,0.005155009674238542,0.001922836357186597,0.0028235312876070395,0.0004420866561822834,0.01291807437758763,0.010269469874472748,-0.0034347521881894494,0.015346307266224102,0.00011597564524379322,0.004752373478678962,40.3,0.40000000000000036,40.7,7.330405211844402,4.882801922586371,5.356586274672012,6.763884908562435,5.755742213586912,7.343426229147367,5.0106352940962555,5.497168225293202,6.655440350367647,5.926926025970411,0.06716533216417986,0.09842250409838726,0.13043714167496567,-0.0011970415388127265,0.0023663027185207852,-0.04999999999999982,-0.007265615786007373,-0.007363711525799843,0.003550241000828791,-0.03308915579902738,-0.05736605300037123,-0.10872738382158265,0.013149040204172735,0.0037194398080391267,-0.0003505608685880901,-1.0290157000000022,0.03262502053807914,-0.07032636999999986,0.051839198617088744,0.009999999999999995,-0.020000000000000018,-0.03,-0.03999999999999998,-0.03,-0.06,-0.10999999999999999,-0.2999999999999998,-0.33000000000000007,0.09,0.04,0.05,0.06,0.19,0.53,2.05,3.22,-0.013827962603022215,-0.019745864479593582,-0.008367452908239592,0.014113776940287065,-0.004066699382553718,0.001969050963196217,0.0013867930598800982,0.004098965528663179,-0.037756087835153274,-0.232941017438844,-0.0036303397931884973,0.00024771252679745004,-0.004516231096013179,0.004249708920922579,0.00016710547911191753,-0.004605278482755715,0.01478243437909832,0.0029098996739325145,0.0018217615229527695,-0.0002047094606218991,0.0002520082536898727,-0.0002011218759134792,0.009548603497564478,-0.007807869899105313,0.000611569266802725,0.00591351445110222,-0.009297041889466673,0.016303832997946355,-5.599999999999994,-0.006217496299223413,0.0005610379352916084,-0.0034291770143326517,26.6013
-0.033056138810005464,0.011307425159762019,0.007971561445255126,0.0012904912842284233,0.008383845731584572,0.009731960431251352,0.011914995286826269,0.011059948687003107,0.008121323196386143,-0.0038946561472741337,0.01202571878894787,0.020691360144081905,0.006597947834893425,0.01576213516603353,0.017283109727333823,0.01552791406976528,-0.0364030005123972,0.018305170138170013,1.224499999999992,-101.0,0.07826243100000002,0.0035781335902349554,0.02382046763650436,-1.799999999999999,2.8999999999999986,-0.30438124020941437,-0.5050116539005707,0.015605964481538948,0.005857886336299245,0.055429804939330474,-0.405392830272131,0.011168592996252613,0.002428905151214522,-0.014053556929321864,0.004160316637161543,0.0021691982475449123,-0.0010746911297658812,0.007485724079415945,0.012604615018265264,0.014457900769318854,0.003091807371868427,0.01802300755911368,0.002779388008105954,0.022338567348501925,40.6,0.0,41.0,7.241366283322318,4.48863636973214,5.521460917862246,6.565264970035361,5.849324779946859,7.334981878871814,4.787491742782046,5.288267030694535,6.728628613084702,5.937536205082426,-0.004504718188647061,0.013856624636227721,0.062139564676259695,0.0005954035400783653,0.005652349030057735,-0.010000000000000009,-0.005435207718585744,-0.005000545753143015,-0.00011296084506717818,0.08470157214964757,0.14239277869636346,0.03465874466788543,0.009439053195277936,-0.003957814619521827,-0.0041020240557188,5.072978699999993,0.05580498986898874,-0.1086746380000001,0.07739330540309508,0.010000000000000009,-0.03,-0.03,-0.020000000000000018,-0.01999999999999999,-0.010000000000000009,0.030000000000000027,0.10999999999999988,-0.040000000000000036,0.05,0.01,0.03,0.04,0.18,0.56,2.16,3.18,-0.02424153705237675,-0.024748902370172632,-0.006289787241696487,0.034208566977688676,-0.020056049046901836,-0.003974403346764355,-0.005700033087891576,-0.00436805059900891,0.02061284541688213,-0.02150430061049846,-0.003785689710483986,-0.0013591013808165187,-0.005010012774478767,-0.010790327722174808,-0.0029926677688516534,0.0025103383444529115,0.007418155295839668,-0.0038980095393590375,-0.0024758245052565186,-0.0015981754159302142,-0.0012022179930974985,-0.00016123227539743823,0.0035504299384516713,7.557649338707506e-05,-0.0009391675889336426,-0.002763272600715627,0.0010233626595161915,-0.007059507947688726,1.5999999999999943,-0.005674833669488066,-0.0026559377074999446,-0.014834694794481962,22.8791
0.006391907572025346,0.011959539987048018,0.012363038180346564,0.004520199628151644,0.019714510314456035,0.00012505093236558906,-0.005228638853617795,-0.010262375024653103,-0.01271626277685911,-0.014011332445148739,-0.012200283302274073,-0.00593595005280978,0.008120710552808497,0.006760756493680908,0.013639685502179866,0.0006377335041047871,-0.019642527980853863,-0.0038713457487595804,0.1302000000000021,82.0,0.04103751699999997,-0.003315884364551991,0.002543538244109911,-0.6000000000000005,1.6000000000000014,0.09899313659830078,-0.12688227951149678,-0.1000899267576898,-0.2798228842571593,0.40423886638492057,-0.07968591241377254,0.006730648327792466,0.004286765522648395,-0.002523538173139883,0.003729543655827783,0.004822091152922425,0.00562928708095356,0.0035033974961802272,0.007129597321984704,0.004985111244046436,0.0047366566420272704,0.002566520366963587,0.0031176054348822646,-0.003232491603416321,40.4,0.19999999999999973,41.2,7.29505641646263,4.836281906951478,5.365976015021851,6.651571873589727,5.883322388488279,7.400009517162692,5.14166355650266,5.389071729816501,6.7580945044277305,5.953243334287785,0.00771075986834191,0.015782447746927275,0.071096391587675,0.0025302752779836624,0.006726729047766611,0.0,0.00943125906536757,0.008948038869895925,0.009947954064660536,-0.007479765013277628,-0.010643311437042335,0.021276595744680993,-0.005260335158147278,-0.00015041537916538061,0.0021812421123428294,-0.6761583999999914,-0.0077517358873393505,0.005346991000000134,0.016118666849460617,-0.010000000000000009,-0.01999999999999999,0.009999999999999995,0.0,0.0,0.0,0.030000000000000027,0.06000000000000005,0.08999999999999986,0.04,0.02,0.03,0.04,0.18,0.59,2.22,3.27,0.0031394839062599544,0.005480066322844465,-0.004006585640889959,-0.01502519642336092,7.558864662127185e-05,0.002461465287280973,0.0032928896192103707,-0.004234018417527352,0.01449933346128418,-0.10540436169620682,-0.0290215347513314,-0.001101701833809976,-0.000699157400617878,-0.0005796743483781341,-0.0004246502359128712,-0.0011860331953803538,-0.007092089821127523,-0.0007527056963763101,-0.0010757049968441734,-0.001237758159325253,-0.00116353448168649,-0.0010067112242762022,-0.008945823305646528,-0.002829294405265692,0.0010191325759016934,-0.0007867801606784575,-0.004441818041311496,0.0030459919835776894,6.300000000000011,-0.0014693958659428574,0.0022088363058099247,0.002012470492571694,27.5874
-0.0006228304188944378,0.014810547348579561,0.003040931347165987,0.008518108108503952,-0.0040502972765317224,0.008017424837306386,0.008348590732127015,0.004294691420305696,0.0033911743309484876,0.006099874264452687,0.0026695576217106165,0.0028039700260231726,0.007673324498411738,0.010482879020650593,0.018879223865811312,0.010373126076782313,-0.0031427797727232587,-0.004078152435215365,0.8602000000000061,287.0,0.09534173600000007,0.0051622740171684,0.015533783921892308,-0.8999999999999995,0.5,-0.030576136132158815,-0.15512617069841905,-0.169205021891484,-0.6278210477504134,0.38438559231711,-0.06844792376748643,0.004862251910280335,0.0036168221474053297,-0.009373237928108402,0.006596148692672443,0.002402353804193069,0.0013356486558873115,0.004144405539420859,0.00506512495771716,0.007487044454000724,0.0020820627114357393,0.007262746663057484,0.0020730169810079246,-0.005670660460170396,40.7,0.10000000000000009,41.4,7.341483852363161,4.51085950651685,5.337538079701318,6.747586526829315,5.971261839790462,7.385851078125209,4.990432586778736,5.3981627015177525,6.752270376141742,5.963579343618446,0.0018663456337666418,0.025094554252243384,0.029282973233840437,0.0042353798560288425,0.010052309475915067,0.0,-0.004771567316115721,-0.004285938027168257,0.007049542972991318,-0.007538063511065118,-0.010480626482015865,0.010164359861591699,-0.0028454951007246265,-0.0005929866922009808,-0.0012518623019630581,0.3904260999999849,0.015677878748316942,-0.032772132000000065,0.04087457430878372,0.0,-0.010000000000000009,-0.009999999999999995,-0.009999999999999995,0.0,0.07,0.10999999999999999,0.040000000000000036,0.08000000000000007,0.03,0.01,0.02,0.04,0.25,0.7,2.26,3.35,-0.0002055507147309399,-0.002736279275256673,-0.0036005987708289666,0.0025456101994337788,-0.0009074410786031328,-0.0005058164149334132,-0.0004899194425709297,0.002013875284126776,-0.033069565388478495,0.060325267605919386,-0.000505830609572655,-0.0013849877071807626,-0.002127633179596522,-0.009680059177768818,-0.003887296854468758,-0.0039918056706556015,-0.00535724480833899,7.417764092210177e-05,-0.001931111565302679,-0.002257172858913137,-0.0011414447923243642,-0.0008872198401999043,0.001785831706367702,-0.000367218963194027,-0.0015473750992818225,0.0015661688650308037,0.006148130491548276,-0.005235614053945348,1.3999999999999915,-0.008596340721515716,-0.005963073985167711,-0.002282954722213404,29.4362
-0.00826999566590736,-0.0012832302116105865,-0.0026317679853669063,-0.00017179010922419025,-0.009641705363684139,0.0035310967909989444,0.0014743173823754674,0.0019405765765112548,0.00015670202539297406,0.01025678870168445,-0.002860586652541741,0.004931753706233444,0.006569657344777546,0.005435898252525995,0.00368499199245953,0.004970255670383672,-0.058191654799925274,-0.006477069321534579,0.4583999999999975,22.0,0.02375957499999992,-0.0023256402880829086,2.000900405185746e-05,-0.20000000000000018,1.3000000000000007,0.004425676103153364,0.040992774129584575,-0.06754604220152594,-0.33062271183232106,0.08868082645917141,-0.05710664692417211,0.0018934618128625402,0.0025040077186115894,-0.0047197727733516714,0.0027356055905567445,0.0026441925834301827,0.0033313376134902484,0.0015225669064253822,0.001794044255859717,0.0061044604001452285,0.0023460946512123826,0.002415851802602731,0.0013796277194035866,-0.005610757912648978,40.8,0.09999999999999964,41.3,7.341483852363161,4.955827057601261,5.303304908059076,6.673297967767654,6.013715156042802,7.440146680662688,5.10594547390058,5.4510384535657,6.806829360392176,5.993961427306569,0.018841420875192583,0.003282271725266739,-0.017375517308567012,0.004873096616208272,0.007081611271241073,0.0,0.003088937955673998,0.0037910146340198736,0.009808605149352445,0.027635889633373267,0.045195458589750714,0.059052308570612944,-0.000287723134195339,-0.0018825119405558866,7.517337126294876e-05,1.6202326000000085,0.03740269411257913,-0.06835681999999998,0.06671584505521766,0.0,0.04000000000000001,-0.010000000000000009,-0.009999999999999995,-0.010000000000000009,0.04999999999999999,0.07999999999999996,-0.050000000000000266,-0.14000000000000012,0.07,0.0,0.01,0.03,0.3,0.78,2.21,3.21,-0.008466059037771423,-0.0015355931502746,-0.007665497548543954,0.016655591685285964,-0.011030502468538206,-0.0014791376329164052,-0.0023503715870774045,-6.725739328228286e-05,0.043404449582284066,0.04416235482771125,-0.0009850873089227719,0.0010338414142934127,0.0021486131082619764,0.002277371238585957,0.0031174610954458615,-0.0004638593176276018,-0.004482077153846298,0.0017319564680562394,0.0015799071343662874,0.00154675319942843,0.0008264107778588325,0.0001227145278948072,-0.001193546791586897,0.0026331766359861675,-0.00045593326750204,0.003891606366395184,0.0040523675578691964,0.0056411518656798165,-4.8999999999999915,0.005336877146193686,0.0041466694297049855,0.006468521040297048,24.3898
0.0019566037793374846,-0.0012252346863466101,0.004025602155149244,0.007442257276037978,0.008591283149590012,0.013112855111043764,0.016434172844780548,0.017610033766603195,0.020655076763810065,0.014071704899703441,0.022815426880045564,0.01162655794795775,0.008589429309729724,0.00580347250050206,0.0005968410525820644,0.007290314579668333,0.11909677631993976,0.028139072760730244,0.6354000000000042,-47.0,-0.008864279999999947,0.0007219003717651162,0.00027341627130539337,0.0,-0.10000000000000142,0.1564992416972535,-0.040139167590344194,-0.04740558097860692,-0.1808380342160545,0.010898599829076261,0.10778685424201839,-0.0012829547572810185,0.003694462514685526,0.003934689317914852,0.004905310285622022,0.0028841023658650045,0.0021262466482259157,0.0041210339203150426,-0.002096086307307843,0.0016952279718527308,0.001572917549522046,0.0011496152698189377,0.001607163702614045,-0.00023062198852130678,40.9,0.10000000000000053,41.5,7.3864708488298945,4.882801922586371,5.4116460518550396,6.704414354964107,6.091309882077698,7.468513271496337,5.003946305945459,5.54907608489522,6.802394763324311,6.100318952020064,0.030113844783057786,0.019623580079130676,0.009949166167148249,0.00404130666917446,0.006699638415435416,-0.020000000000000018,-0.0029368161262830483,-0.003988661253661263,0.0037460165242002574,-0.013107324989896085,-0.020986930404095716,0.03645429736194883,0.005033574306361643,0.0008019986268639201,0.0009839997207166107,-0.38412640000001375,0.04040139207405424,-0.07038512000000008,0.07172081728163038,0.0,0.010000000000000009,0.0,-0.010000000000000009,-0.01999999999999999,0.0,0.06000000000000005,-0.040000000000000036,-0.13999999999999968,0.08,0.0,0.0,0.01,0.3,0.84,2.17,3.07,-0.02248619531006746,-0.025120805239686003,-0.005868375972405637,0.017723503883442793,-0.02040098573072399,0.009235230618795498,0.013425745820937252,0.010468166049749428,-0.04094227966897268,0.10012369894952489,0.043538395664224794,0.002065340771979507,0.0025671759416621143,0.013100931231127433,-0.0006254874694526791,0.008532124157897059,0.0005542934799329657,-0.0016219380461874877,0.0017016695032827656,0.003039522469888034,0.0023270871687479655,0.0031638860702720706,0.0015012830600751315,0.0064671551411263906,0.002376966911685763,-0.0035237283948412745,-0.005106769570201397,-0.0034799234471747376,3.799999999999997,-0.00838829514477979,-0.003187053822015784,-0.010000772285826187,22.3826
0.0961533355581139,-0.00019882823956685058,0.012616919401514437,0.020691138522904495,0.03768420843499065,0.00526452556660395,0.005056900788972918,0.0074609158064511405,0.0019550406007713406,0.008551444735523717,4.116178640778401e-05,0.01830797437635656,0.005670818126898958,0.011748123055085102,0.00560962419743305,0.009408075988149633,-0.06784452531509988,0.03723813034576473,0.8008999999999986,431.0,0.07491403399999996,-0.00409559439565399,-0.0008204731855379066,-0.2999999999999998,2.6999999999999993,-0.24194256293665362,0.0531686678806782,-0.02930075937793042,-0.15425657276959281,0.016252389236873555,-0.010753760776804455,0.0025572684108414734,-0.001047042201706816,-0.02888359337222557,0.0001359157324554161,-0.0006584904345263709,-0.0006639665604790679,-0.0006495615687942546,0.0031465536175208086,0.0022803349467164225,0.0021409082056500495,0.0012406294485369784,0.001260961937012084,0.004648281374912244,41.1,0.0,41.6,7.396335293800808,5.351858133476067,5.3471075307174685,6.690842277418564,6.0014148779611505,7.5256399750415355,5.225746673713202,5.497168225293202,6.8501261661455,6.175867270105761,0.025451471886924537,0.033040050510150465,0.021018528649300094,0.006013069350768063,0.008845688823592823,-0.030000000000000027,0.0026965717514819687,0.0036819050223062533,0.009500838206687234,-0.014101590431371491,-0.026537700342103676,0.008094139063160144,0.006499429956410729,0.005768782169784714,-0.0001381782915750307,-14.922596499999997,0.02629052778635277,-0.04659318400000001,0.05835158867093426,0.0,-0.03,-0.009999999999999995,0.0,0.0,0.06,0.15000000000000002,0.1900000000000004,0.08000000000000007,0.05,-0.01,0.0,0.01,0.36,0.99,2.36,3.15,-0.004651349467684085,-0.0021409665060098115,-6.647927222136474e-05,0.015291156666310535,-0.006579486412412544,-0.0001239429849801965,-0.0011370588916808089,-0.0018118922377814428,0.0355154274018572,-0.03779478740927633,-0.03539892358921115,-0.0020726707812848133,0.005950313049519096,-0.008846718111385599,0.0050109739755805904,-0.003782519916985194,-0.003422046319094818,-0.0008668488606646818,-0.001984196361859425,-0.0030222514602717965,-0.0027616432487498344,4.854084444350093e-05,-0.002833550758480463,0.0007175814716022799,0.0003670585432935525,0.0007660224536527593,-0.00034369717352511486,0.001717250910065804,-1.7000000000000028,0.01512553496760205,0.0067938767261424005,0.0016350940289804328,25.5982
-0.07516009090112696,0.0007950758722419238,-0.009239959898838634,-0.03065708070944062,-0.025975062888687006,-0.033600576999423204,-0.02645776275695333,-0.024870558238218266,-0.02410782635125841,-0.06528766312040801,-0.011667150752230349,-0.03298732203923649,-0.043336372101700604,-0.02510282807883968,-0.0882716940544821,-0.04116863045619468,0.0995580962105036,-0.07422534351551136,-3.0444999999999993,548.0,0.071797251,0.0005994904510853161,0.002246360608799236,-0.20000000000000018,1.6000000000000014,-0.04014812163817094,-0.11113045593535542,0.026046960411768794,0.02271992194349437,0.0271576323261975,-0.0920538300656073,0.003555279907430986,-0.0017475102432484846,-0.007505867473134309,-0.008873172680486263,0.002795594650837785,0.0033154330482325634,0.001947420284395207,0.004417778971406605,0.002971334333359721,0.0021363345078295737,0.0026279493091152517,-0.00022914757203906788,-0.000688974144791743,40.4,-0.10000000000000053,41.4,7.247080584585756,4.59511985013459,4.90527477843843,6.621405651764134,6.037870919922137,7.444833273892193,5.153291594497779,5.493061443340548,6.763884908562435,6.061456918928017,-0.006473351841712827,0.005939825546946054,0.07044875160410236,0.014130168073794636,0.00795023795455485,0.030000000000000027,-0.00020758156855826826,0.00039906162770542153,0.008618181127182822,0.02924202197252157,0.053148739792650446,0.06168579904553084,0.021143874248248373,-0.0043924510574839815,0.00116778538115625,11.699787000000015,0.023363807911973566,-0.04088575799999994,0.04006014336484576,-0.009999999999999995,-0.030000000000000013,-0.04,-0.03,-0.03,0.09000000000000002,0.17999999999999994,0.25,0.17999999999999972,0.03,-0.04,-0.02,-0.01,0.46,1.18,2.62,3.34,0.0031572804102717456,0.012777578012500443,0.01519494424759582,0.016431953260743926,-0.0022815792124784295,0.0012982180468315008,0.002035965720189381,0.006934941716615128,0.05263143776687329,0.0263007862412854,0.008001912015259016,0.00128568281323993,-0.017702369156676667,0.0020746264894606625,-0.0004469350922908788,-0.0007912284989899376,0.00475483686105882,0.002537717082942592,0.0015968229739904416,0.001636394281637088,0.0014540306416819249,-0.0009094344697047063,0.0006434841262565882,-0.004501638952018716,-3.85309337413986e-06,-0.0023260261793418557,-0.0013491822637430317,0.002124969234151397,-2.200000000000003,-0.013754424550263877,-0.01106899093038649,0.0030820824567534544,22.5607
0.18364844424343119,0.009367271418474488,0.04215110755291551,0.03748434838761305,0.10229447393781221,0.028565786232450208,0.02039744700341295,0.016584920320440233,0.01359382554771571,0.013291356025664669,0.013772172943284033,0.024962647122126036,0.03978149708614076,0.02005905907657901,0.062376519367663974,0.03035463747150491,-0.0694807323305664,0.11985205669079235,2.3500999999999976,718.0,0.09259588799999996,0.001347540942067127,0.0030249364062235884,-0.10000000000000053,2.1000000000000014,-0.009145011150062388,-0.11484882747964509,0.007755472184648227,0.010810916104215806,0.0067356521195431895,-0.12056006684856335,0.0057288419540117985,0.008657631945478528,0.03206044975577438,0.014429871941317174,0.004342311521787323,0.00462321674145727,0.0038835000263972574,0.005253131624987972,0.004932688080394598,0.0023447086074597223,0.002233918366050247,0.0012596623480707336,0.004218254764699836,41.1,0.0,41.6,7.4360278163518485,5.062595033026967,5.60947179518496,6.782192056006791,5.948034989180646,7.470793774195062,5.049856007249537,5.4638318050256105,6.839476438228843,6.063785208687608,0.01650573376747211,0.009417543985991372,-0.003180414537512277,0.012860975938815855,0.001831677981074975,-0.06000000000000005,-0.0002984549936719816,-0.0006657337082103254,0.006689167485181002,0.03235004040662126,0.047209713219316995,0.1126195899772211,-0.009722412844950235,-0.0001901363610130602,-0.0001459421833587271,-26.67810080000001,0.0069490165363621514,-0.01581599899999997,0.00727053227364971,-0.009999999999999995,-0.009999999999999995,-0.010000000000000002,-0.009999999999999995,0.009999999999999995,0.2799999999999999,0.3500000000000001,0.33999999999999986,0.3200000000000003,0.03,-0.04,-0.02,0.01,0.75,1.54,2.97,3.67,0.01001743540828226,0.03491080572972134,0.03103532256070718,-0.0002884962154880988,-0.01005351828140763,-0.0029574957414668646,-0.004218494873264866,0.010158830143076614,-0.15186976329751634,-0.07274379118224727,0.0084271613720448,0.0012720275306801199,0.007728511290467033,0.006690270246702212,-0.0022846897415478296,0.0027286176075058677,0.0024616797890342212,0.00023306403741951698,0.0014906942766286235,0.0013835102756338813,0.001616738888319702,0.001868335611947991,0.002629146269141458,0.002759469751118182,0.0014759317395371951,0.003079138247513935,0.0030165880942991663,-0.006431073114887553,8.100000000000009,0.009084355425615698,0.01369669849463051,0.0061863977164744455,21.468
-0.14325352388157064,0.008916237196674004,0.007872671770482675,0.0006283427263351626,0.008873977652029907,0.0017578578773207454,-0.0038934090245810182,-0.006905090756578858,-0.005758255437968707,-0.025387106659674252,-8.716164131872262e-05,-0.011561060719396998,0.009326730380568193,-0.009717360073757675,0.037666724009033814,0.0016471174513323916,-0.02337917960143443,0.03298048880043858,0.18529999999999802,886.0,0.09022648,0.002758038499308668,0.0028966794635056914,0.0,-1.2000000000000028,0.10209381694662323,0.0070743094425376185,-0.044827490548202675,-0.11778303565638293,-0.02156875082715537,-0.12773149874887402,0.002527203386200938,-0.0018843603711324874,0.0013794464696044173,0.000270270271915507,-0.003357494043752851,-0.004755623229568684,-0.0010772380660384329,0.0032431373361028193,-0.00145900230141649,0.0029054852577186097,-0.0030893841864294558,0.001943635208570882,0.0024220279177029624,41.1,0.0,41.6,7.3098814858247865,5.043425116919247,5.170483995038151,6.668228248417403,5.932245187448011,7.450660796211539,5.170483995038151,5.4116460518550396,6.802394763324311,6.042632833682381,-0.0015577130815884743,-0.0047075822792947974,0.04363086250293691,0.009917005832139836,0.001683267589536186,-0.020000000000000018,0.005240509710983332,0.005419886164508725,0.010221735229629658,-0.03533918469601183,-0.06269559428275251,0.042912128408811645,-0.011902695885665615,0.0011626454859658963,0.0006971239901378823,20.331618100000014,0.05731297110613909,-0.08022803400000011,0.04215763926027316,0.0,0.009999999999999995,-0.009999999999999998,-0.010000000000000002,-0.020000000000000004,0.040000000000000036,0.029999999999999805,-0.14000000000000012,-0.14000000000000012,0.04,-0.05,-0.03,-0.01,0.79,1.56,2.83,3.53,-0.003909935193912695,-0.008641228970076464,0.00317254137163836,-0.0012992639333138656,-0.00598493587132215,-0.004272836654427792,-0.007576711887232079,-0.015559963397652865,0.0548788733323331,-0.06406249385434126,0.001391094374999291,0.0018689447325526132,0.007821139573358948,-0.000260442573599029,-7.905053102597037e-05,0.0011318552830932305,0.02413372644292089,0.0022003632120686234,0.001722361358210911,0.0023211425590998758,0.002055790398182822,6.614502260315902e-05,0.011770711980948256,-0.0035227433152904553,-0.0010797843826146902,0.003040220551422834,0.0069617919164253195,0.00426967837117509,3.3999999999999915,0.002085718024540384,0.0005495434586961778,-0.0036735040403037544,17.1684
-0.0241600385173939,0.005150103488150037,-0.0016631534518847246,-0.018953428107733927,-0.006059761115277951,0.008834757856392983,0.008194249603695525,0.008662928915809331,0.007156483981577644,0.016833691998592748,0.004505405952028418,0.017499575950789215,0.00974079557115548,0.010085172777981377,0.01681767782022714,0.010385601004119671,0.011569292929805464,0.012017757422015052,0.8525000000000063,549.0,0.11055163400000001,-0.0002673771868568764,0.003000504537858717,-0.2999999999999998,1.2000000000000028,-0.18839554476535536,0.09366092159651096,-0.06181144004942851,0.04417121831313686,-0.09636414021905715,-0.22739706687226757,0.0029070289734800525,0.0008434422866123725,0.005498835536805302,-0.0016227184088180024,0.0022941427513760715,0.0030409225522340932,0.0010772380660384329,0.003240661877043749,0.0017505474929855325,0.003020536630812032,0.0007962648363104563,0.0007992236538907349,4.5642301293113974e-05,40.9,0.10000000000000053,41.5,7.370860166536716,4.941642422609304,5.583496308781699,6.6895992691789665,5.937536205082426,7.440146680662688,5.017279836814924,5.4116460518550396,6.825460036255307,6.008813185442595,0.024070503584852077,0.001566387858787266,-0.024933793074296773,0.011134534487879932,0.00816779252837918,0.010000000000000009,-0.0041624571873217775,-0.003667839103885129,0.00660364214764364,-0.03422518595908741,-0.04748211900647625,-0.0075644549142782624,0.0076251098679129825,-0.0007582474148257745,0.0018933139509389463,4.047551099999993,0.006419543939633954,-0.007065887999999854,-0.019482925988631106,-0.010000000000000009,-0.009999999999999995,0.0,0.0,-0.009999999999999995,-0.040000000000000036,-0.019999999999999796,0.06000000000000005,0.020000000000000018,0.04,-0.04,-0.02,-0.01,0.76,1.56,2.9,3.56,-0.017834956825022452,-0.02093800798229868,0.0006188218288620817,0.017115244669880902,-0.02997909224783138,0.005521590108312324,0.007817077662393146,0.012538114252928168,0.06788426679719528,0.06422603617512834,0.05969270373984781,-4.0744706833351074e-05,0.0007823330135616757,0.005032953523926409,-0.001720833986656345,0.002663987475175489,-0.004286965920798913,-0.0016620401749483094,-0.00012217418217463916,0.00039205722403590215,0.00011172813866267006,-9.217379899340017e-05,0.0013492042213831823,8.472460450192898e-05,-0.0004054429007798177,-0.003468802889823319,-0.009333032056778379,0.0029520275168741783,-5.3999999999999915,-0.004479083794356242,-0.006439137561791597,0.001959569281169138,19.1336
-0.0035809236537840405,0.0033327551241839615,0.008163310639160315,0.003186809440556715,0.010956114693206231,0.003668089560924237,0.00029413935190980567,-0.00023141316579167182,0.0009449278189945787,0.0026776083593080813,0.0005115342099077935,-0.008105400365241877,0.008038921873541938,-0.0020536822914607455,0.007366937924389028,-0.00011063873391403689,0.005280891106048458,0.01838163233501877,0.03459999999999752,393.0,0.019391618,0.002465862732648816,0.0013123664374639077,0.10000000000000053,2.3999999999999986,0.002001001167918126,-0.0018357049670818526,0.06049527928784393,0.023638157419987316,0.07306692793099678,-0.1354818991553799,0.0054734373048699325,0.0018332719119396046,0.004689340363386307,0.00040592653287241376,0.0024521836711635103,0.003558019171624238,0.0006457862671958026,0.006060019743159728,0.005378310805896902,0.00482098232935968,0.0043714338449074575,0.0007985854055121422,0.004281101405837262,40.6,-0.20000000000000018,41.3,7.408530566894626,5.0106352940962555,5.278114659230517,6.760414691083428,6.089044875446846,7.4109518755836366,4.9344739331306915,5.356586274672012,6.821107472256465,5.955837369464831,0.01745605469104028,0.02063469348929914,0.05300223570122675,0.012695017190210933,0.008540844096510014,-0.010000000000000009,-0.011926382010587488,-0.01118085911245359,-0.006471405496741411,-0.002436055893634048,-0.002454590499205267,-0.008255090199388082,-0.02270223643185698,0.0038372262535695256,0.030559558603966863,5.726584500000001,0.016806758418526968,-0.02128625900000003,-0.021242267337291842,0.020000000000000004,-0.010000000000000009,0.02,0.010000000000000002,0.020000000000000004,0.020000000000000018,-0.10000000000000009,-0.16999999999999993,-0.18000000000000016,0.01,-0.04,-0.03,-0.01,0.76,1.44,2.71,3.36,0.0077946282057386185,0.0056338177182561205,0.009080467266670667,-0.004197949884046037,0.007804516919902416,0.0030758920916555965,0.003701180856914732,-0.014713383709776373,-0.06032147215679107,0.03662726486839585,-0.09833540791534112,0.00190469776058233,-0.004680263091935366,0.009636052327597788,-0.0006944309405989557,0.004239939073976906,0.009031505885427116,0.000670979032327601,0.00163800888361898,0.0017394054168420325,0.002145054705738225,0.0002309675246268128,-0.004288943092113584,0.0022348377237531025,0.0004833784694744381,0.0011212610158111147,0.0036210571163959315,-0.0008868911625978804,2.5999999999999943,0.18859048520788413,0.2259778333949054,-0.00983820176824679,16.9236
0.006152831764058675,0.003957725133185264,-0.0015808585476815296,0.0031684957298523386,-0.016697167443815886,0.004530861445060097,0.009046425066514985,0.009940074640457652,0.0064204315758100705,0.02351316949651938,0.001619627122714462,0.02105267223597984,-0.001141236758445352,0.008384316469969733,-0.004237057257130417,0.008899971950313557,-0.020068865344147646,0.0034477823140770525,0.7272999999999996,751.0,0.17713736599999996,0.0019026906803372157,0.006824171740708707,-0.5,-2.1999999999999993,0.11505846559262167,-0.1622217486610502,-0.1364654063845876,-0.13450075023179675,-0.1371199990738674,-0.10204421198566926,0.006363940585895733,0.004001685057479776,0.004473410163408964,0.003376328415038543,0.004398834072484092,0.004986232611370767,0.0034371677233426823,0.006743274370204944,0.0018466557252860838,0.004238704610489918,-0.002045499959258734,0.003869797681550935,0.0023150785436900634,40.9,0.0,41.5,7.3758821482150125,4.23410650459726,5.231108616854587,6.828712071641684,6.0330862217988015,7.4133673356952405,4.890349128221754,5.384495062789089,6.777646593635117,6.061456918928017,0.03163605651332446,0.004373196075370345,-0.06417053889579805,0.0071856617307854975,0.013008574465152023,0.010000000000000009,0.0055936440110126995,0.005478985546725212,0.002917975333357248,0.019447158858003633,0.030885511329596937,0.02552987793527106,0.015675668179023994,0.0007594388272931241,-0.0343809756893112,-1.1753102000000126,0.029115539228833143,-0.02856367500000001,-0.01459936475761836,0.020000000000000004,0.010000000000000009,0.010000000000000002,0.0,0.009999999999999995,-0.07999999999999996,-0.19999999999999996,-0.2200000000000002,-0.19999999999999973,0.0,-0.05,-0.05,-0.02,0.66,1.22,2.47,3.14,0.018042893892321388,0.010519492140706313,0.0009713074742769834,-0.015593317067687962,0.02505181516452759,-0.007186807026071662,-0.009226558607077884,0.0001777285223827363,0.020328296677790014,-0.07558757446695274,0.015069588128017841,-0.003929584740655301,-0.0034115629674547066,-0.02728101235129099,0.003966318247554668,-0.01036425416433051,-0.026606111604503546,-0.00010792878779763981,-0.004345579011018508,-0.005792386594053234,-0.004677974367321092,-0.0008432010414676228,-0.008761927178836615,-0.0010436072645756411,0.0007198677924655783,-0.00040077036072849737,-0.0010095191112093893,-0.0012901830209872678,-4.299999999999997,-0.19556465490668629,-0.23173380310988279,-0.004599730486736675,17.5754
-0.001427586023231342,-1.9268008362161027e-05,0.006779143429769263,-0.009060427049295328,0.006155649536403018,-0.002078928094134014,-0.002870184290571842,-0.005300643840905117,-0.005982937322078996,-0.013782637299232903,-0.0037512495789879807,-0.0012734489878916122,-0.0010421100964501662,0.0007849877264689553,-0.005716086448536828,-0.005052230419821946,0.02193798583276685,-0.013278561192292315,-0.36990000000000123,-93.0,0.05833715600000011,0.0001424011939334946,0.00311741526814302,-0.3000000000000007,-0.3000000000000007,-0.07537655100144125,0.04282970219896587,-0.06251340033861119,0.006016348186145493,-0.08646246499780474,-0.027398974188114877,0.0033128718586876715,0.003101388263848648,0.006383617770385541,0.001885776420911256,0.003731953057652504,0.003266909145349217,0.004493427909286751,0.0033467814551126907,0.0019876770606988003,0.003315363625855383,-0.0008666649700757034,0.002042669797861052,0.00199302507426502,40.8,0.09999999999999964,41.4,7.374001859350161,5.117993812416755,5.293304824724492,6.8001700683022,5.799092654460526,7.459338895220296,5.0369526024136295,5.3706380281276624,6.8308742346461795,6.089044875446846,-0.006576104922855208,0.01860268308807811,0.08226768761473657,0.012990800958890603,0.009393358543928088,0.010000000000000009,0.001367723549751787,0.0012753055344276731,0.0059416006747525785,0.014889466630814141,0.0239592992279114,0.05264113269195869,0.0022205371413601682,0.0024569239422937983,0.0007910343494721417,0.29316610000000765,0.020527103387019352,-0.016758258999999942,-0.022823126362306212,-0.010000000000000009,0.0,0.0,0.009999999999999995,-0.009999999999999995,0.010000000000000009,-0.040000000000000036,-0.020000000000000018,0.0,0.01,-0.04,-0.03,-0.02,0.68,1.19,2.46,3.15,0.0033596633763171013,-0.002947439500752866,-0.003286274865636152,-0.0007969571151757449,0.005491676820515851,0.0030810038494992753,0.005105520754396409,-0.006173159379589954,-0.023399189792382202,-0.08335031133674597,0.011639933775711597,-0.0017356684818583545,0.0008543791846618021,-0.005305092612757356,-0.001624165184604287,-0.0006917114088995646,-0.002803672210718311,-0.002654434338011491,-0.0017027174835950731,-0.001186810895299928,-0.0017443941026753507,-0.0007315558254559207,0.005291743924931147,-0.0005486099509086628,-0.0018922550114650605,0.0011037986465054495,-0.0009967530193093488,0.002476700875070126,-10.900000000000006,0.0016198026550089395,0.000500809245439271,0.0019054172494392674,17.0618
-0.008981284609802742,0.002456885483265836,0.0013574241194991288,0.0036566731645315542,0.006810405485692783,-0.01192362503883615,-0.008425703809635365,-0.0102873957221421,-0.01034805669173089,-0.03859091038181006,-0.002546732288247533,-0.00701451578772172,-0.016283634182430617,-0.012270996749906615,-0.01937955851795614,-0.011866727144743905,0.001498141466842462,-0.0006170132045859589,-0.9026999999999958,-77.0,0.09789187600000004,-0.00019812892066006782,0.0038620270540956625,-0.39999999999999947,-1.0,0.07715670278440179,-0.11159106540846242,-0.15917552690099157,-0.15343685297133547,-0.1612838266152421,-0.012578782206860595,0.0031597745287044177,0.004364998715578494,0.0032726951916934865,0.006304937379589148,0.0033953144986718087,0.0037762920063251215,0.0027715613093874936,0.0029664156083288873,0.004574688741083577,0.0025575239028565733,0.00415577522437971,0.0029431762246190374,-0.000860137222273849,41.2,0.0,41.4,7.3632795869630385,4.852030263919617,5.327876168789581,6.70196036600254,6.061456918928017,7.402451520818244,4.897839799950911,5.389071729816501,6.79794041297493,5.968707559985366,0.006105201488216139,-0.019466534065809782,-0.07184530642084574,0.006383252771907877,0.011552348082473074,0.010000000000000009,-0.0009616829104412972,-0.0007824581359567873,0.0036891238972067697,-0.02241585446287786,-0.03580563722410446,0.0160865173798439,0.004180443684748347,-0.002304684193765283,-0.000597401119483365,1.5078321000000017,-0.0019483699525757459,0.012990328999999967,-0.048106713606783646,-0.009999999999999995,0.0,-0.010000000000000002,-0.009999999999999995,0.009999999999999995,0.08999999999999997,0.09000000000000008,-0.020000000000000018,-0.010000000000000231,0.02,-0.04,-0.03,0.0,0.78,1.29,2.45,3.15,0.0029589761275916615,0.00881638363727981,0.0028025545844680977,-0.004722301630450787,0.00569847208827845,0.007990475391140173,0.009793477170759068,0.0018652228635414048,0.009151354329547168,0.12418334913334217,0.009331362582944536,0.0014638718775703552,-0.005733994041245083,0.004203839730926084,-0.0001834137185783291,0.0027035763721459105,-0.0036996704641065747,0.000996059353646217,0.0010714241218048315,0.0012426946581012288,0.0016146965684225023,-0.0005414970061670132,-0.00831090454474559,0.0027026707986861354,-0.00018700622166001324,-0.0015224308765917627,-0.0003360138119012923,-0.004602012386059506,2.5,0.007718874146551258,0.002096148168337919,0.0059348667483067885,19.7806
0.0012536972756311826,0.0035623300878206976,0.006319206162769042,0.005903916123799036,0.014495744947073064,0.01334599098044631,0.005093770471731318,0.004824841955915815,0.005196863267706853,0.05172579425792456,-0.007768165613818212,0.0018617095505728543,0.02358306913264485,0.019640687754853836,0.01946270584219434,0.013822238372317663,-0.06608321702970521,0.0076798681866456775,1.082499999999996,462.0,0.13632387499999998,0.0016024801649798803,0.00409966907662529,-0.20000000000000018,-1.6999999999999993,-0.08535544656418281,0.08217718020216935,-0.10491198458952944,-0.027343475672685358,-0.13511175432940892,-0.2217380697054736,0.005785064787133365,0.005320070141143773,0.0076584712822294065,0.005600761406826749,0.005071453815903126,0.005702451948218723,0.004036975630267392,0.005859697774258876,0.005090346523543232,0.0032613438569928377,0.0033500431311068724,0.0033852435849333062,-0.0016771302346931805,40.7,0.0,41.3,7.364547014255642,4.795790545596741,5.365976015021851,6.71174039505618,6.045005314036012,7.442492722794441,4.867534450455582,5.4510384535657,6.79794041297493,6.104793232414985,0.034301148061222975,0.016613292111255618,0.010910714178590908,0.006118668001937166,0.015573133216722823,-0.010000000000000009,-0.00020779416314020693,-0.00030540177178117744,-0.001646650223738888,-0.018555664692904372,-0.028391136365634395,-0.012389080153227039,0.006515837270216096,0.0011033755266804945,-0.001143745881243774,-0.8720676000000083,0.003406599785668263,0.004007443999999971,-0.049941393361397246,0.0,0.009999999999999995,0.010000000000000002,0.009999999999999995,0.03,0.2500000000000001,0.20999999999999996,0.15000000000000036,0.1200000000000001,0.03,-0.03,-0.02,0.03,1.03,1.5,2.6,3.27,0.003408602758520729,-0.00010837171508844279,0.026519530230589616,-0.0022600527244739377,-0.018881261969625307,-0.006085899603426093,-0.008469371554390648,0.010478745581084858,0.0390533278669043,0.07230049603705613,0.012290954059150927,0.005042228769051249,0.01514298003132808,0.017006186890975883,0.004324031187620037,0.008048711743146697,0.017713074259573247,0.00300417699569433,0.005671617878156177,0.007168627891684487,0.005107192856913301,0.003317266477060876,0.012666816334201414,0.005214320507325176,0.000971503019358444,-0.001131868808758263,0.004523641309130522,-0.00042001476777508984,-1.0999999999999943,-0.011585755954198973,-0.0067076959084655385,0.007460991428661856,17.7838
-0.0015830085648449455,-0.00041505832165178447,0.0020154997823533805,0.00321947188511551,0.010134817058689904,0.006757498302163434,0.007787182680456972,0.007432446383606184,0.008793169922940436,0.024850593854600866,0.004138936585787789,0.0066686863749438885,0.005514913368241281,0.005994208066918638,0.001893688060002674,0.005614813931600793,0.03502548715530551,-0.004821255417295056,0.4457000000000022,-222.0,0.08897157,0.003252737911964232,0.006806368109426586,-0.2999999999999998,2.099999999999998,-0.03548918518233801,-0.11094347248862935,-0.08741912419201725,-0.0969542410048918,-0.08352831986377662,-0.1858389716058344,0.004278404645633671,0.00446841289416966,0.004756930290638728,0.005966209278570389,0.0035267750566312372,0.002194540350179963,0.005708864220320464,0.004247912637580953,0.005349131932993245,0.00463083785064633,0.0025653393934010893,0.0034860873089392896,4.5364846787521174e-05,41.1,0.10000000000000053,41.5,7.4413203897176174,4.700480365792417,5.41610040220442,6.846943139585379,6.061456918928017,7.475905969367397,5.056245805348308,5.3706380281276624,6.860663671448287,6.0844994130751715,0.01237516726201271,0.01922702525929587,0.05520405757557256,0.00794609160959503,0.016607594533756043,0.0,0.0004099941209609881,0.00048488061355200784,-5.2319041527582044e-05,0.01913116731903486,0.028284437117729766,0.015171228673131365,0.004186150075674355,0.0020315818272624853,0.001197725387214632,-0.22511430000000132,0.04529208274863805,-0.05103987099999996,-0.0071024846203742165,0.0,0.030000000000000013,0.0,0.010000000000000009,0.06999999999999999,0.08999999999999986,-0.020000000000000018,-0.06000000000000005,-0.07000000000000028,0.06,-0.03,-0.01,0.1,1.12,1.48,2.54,3.2,0.012555893049072786,-0.0015184384696237258,0.007428921396157584,-0.01752364087387387,0.010639674785861641,-0.0022735837179803653,-0.0026057492986479858,-0.006956699740925387,-0.04098122814346805,-0.15757724211600888,-0.07614151823065551,-0.0011269997722518355,-0.0025540529196401707,0.005439048259950674,-0.0014375558899173413,-0.0011016124340201827,-0.0029904765512105413,-0.0013881483174982279,-0.0009656685534871201,-0.0018112060373107752,-0.0010956692966859194,4.648944283669465e-05,-0.007040148196949758,-0.0005160451620787043,0.0015272059556483697,0.0011028776906498727,-0.004231903580118601,0.0004086841847978917,-4.299999999999997,0.003171126607607988,0.0016406024697506183,-0.009087500546018035,19.1586
-0.0029886702870225434,-0.0029678926736025346,-0.0037614395941538703,-0.0018226631847202412,-0.007930556373587194,-0.002907100013006314,-0.0036778098089627065,-0.004453242553130288,-0.00861811800368617,-0.008314819414588115,-0.008728980210495507,0.01310068946996612,-0.001967374530963184,0.002209884119960037,0.00376484118729703,-0.0014960973510280695,-0.023909246945750695,0.002840422139937182,-0.11549999999999727,298.0,0.13744863799999996,0.0013301395528433346,0.0036517822944936995,-0.30000000000000027,-0.8999999999999986,-0.004022127091504402,-0.05069787906778611,-0.09508182088836392,-0.10737360139050711,-0.09014244598883447,-0.08951306211999821,0.003846325819447216,0.0035797251849043477,0.008129357559227834,0.004747470343584581,0.0027167415830540165,0.00206105959860281,0.003787883316936913,0.0038891072645110825,0.0036565708065232627,0.004969787448800389,0.0010333902942534223,0.0029144735348047845,0.0013599893297033816,41.1,0.0,41.5,7.451241684987676,4.927253685157205,5.746203190540153,6.784457062637643,5.958424693029782,7.5595594960077,5.641907070938114,5.568344503761097,6.855408798609928,6.054439346269371,0.012547194284453056,0.03236466806746385,0.0026188597235332622,0.011357472896502685,0.02541190262348003,0.030000000000000027,-0.0012920106669032094,-0.0010121054730145573,0.00013079247177216757,-0.007153865045941288,-0.01089288614177164,0.0035305781926340263,0.009689778377481417,-0.0007471984274882715,0.0008770828056583468,0.21891070000000923,0.0015799347335434533,0.0061158799999998514,-0.051211697029895475,0.0,0.03,0.009999999999999995,0.07999999999999999,0.12,0.030000000000000027,-0.09000000000000008,0.029999999999999805,0.020000000000000018,0.09,-0.02,0.07,0.22,1.15,1.38,2.56,3.22,0.011100961182052949,-0.0003256798595794863,-0.0011598001106039035,-0.011955608295329101,0.018370840292564028,-0.004086485012339658,-0.005525801231340388,-0.013755599411058306,-0.07108740448270012,-0.06970177340095329,0.04288032573557654,-0.0011853956875107485,0.0012752456824571823,-0.00613923099706426,-0.0006314333557879692,-0.0018940028121061658,0.001891208774598141,-0.000624712518550119,-0.0011745221693031382,-0.0014511011802609275,-0.0012428829280777265,-0.0004626506327563007,0.003988640985518543,-0.0042343659570125425,-5.3571456244405624e-05,0.00182604096261052,0.0015929695631324847,0.004104020869846625,3.1999999999999886,0.0006123668452797659,0.0006042029552624228,-0.003087138992370342,21.2985
-0.005634005153172694,-0.007342337388676512,0.0005734982224341323,0.011663799791335805,0.018492720431659393,-0.0038553890138945945,-0.0029501934973934496,-0.0021672960781575767,0.002631035502181689,-0.0009546025437687788,0.0036387618978608316,-0.015366415476830042,-0.0049403307784503525,-0.01394402442526399,-0.007495319048117288,-0.00891949686491511,0.06818980805075192,-0.0375990591031341,-0.6973000000000127,-179.0,-0.05872679400000003,0.006929907165496019,0.006487599938246547,0.10000000000000009,-3.5,0.21819429622388942,0.008733679968754515,-0.10587892932365506,0.06815288823722643,-0.18523598526758978,0.09415344167650197,0.0015010660385375019,0.0006758061659013492,0.0030080864946002706,-0.00197537431719752,0.0022317879501070337,0.003083646282634689,0.000839806893782935,0.0016334117544687388,0.0031841526991396307,0.003954705855253593,0.0008895497971508348,0.00011192568146434212,-0.0008157716291954387,40.7,0.0,41.2,7.43955930913332,4.6913478822291435,5.303304908059076,6.829793737512425,6.1463292576688975,7.560080465021827,4.969813299576001,5.605802066295998,6.93537044601511,6.16541785423142,0.005647352938151329,0.012313644551671388,0.07572951751257406,0.011211201933926773,0.01783108749258311,-0.010000000000000009,-0.002104308900456431,-0.0018103929628132676,-0.0007588345712346012,-0.05228811331363126,-0.08040534866909788,-0.07489337092460058,-0.009994801728569591,-0.0008802492045845156,-0.0032692868518502394,0.23498760000001084,-0.02183122170720253,0.03998046300000002,-0.08198105303225445,0.0,0.04999999999999999,0.09,0.18000000000000002,0.25000000000000006,0.31000000000000005,0.29000000000000004,0.28000000000000025,0.28000000000000025,0.14,0.07,0.25,0.47,1.46,1.68,2.85,3.5,-0.005377488567513744,-0.002065105891243063,0.008682001054307165,0.018765909248860124,-0.01400384776352373,0.007196301309831732,0.00838504523176642,0.019211818015226534,0.07914758826561652,0.2475720740928491,0.043577566420767155,-0.0009201083920924447,-0.004814616402747163,-0.014810143035751011,0.003919926875386004,-0.004518106425082102,-0.005282732094959108,0.001680989048184145,-0.0014232847287889427,-0.0006590855695254305,-0.0013636316712961616,-0.0007202967122035275,0.0020515758467833933,-0.0007098480235399052,-0.0012183699119798774,-0.0011334046564144273,0.00029572735775174053,-0.0008583989132935343,-3.3999999999999915,-0.0024546615139708905,-0.002080827114827599,0.005259617472672673,22.9143
0.0008536026899186311,-0.0008392457610355564,0.000670134933816513,-0.008228150841036452,0.010384384555093717,0.006177379936951333,0.006238267943815323,0.00491244046414252,0.0018482086313635904,-0.018066542784487716,0.0074757352665209,0.013197613466046754,0.006105460537012775,0.012231609621087713,0.0060208508624830515,0.0056336164755341755,0.042271613228795246,0.01960297100967434,0.4370000000000118,423.0,0.12492152499999998,0.0016609372234928088,0.003069465698716911,-0.20000000000000018,1.8000000000000007,-0.150041407986663,0.09418023618127602,-0.0332552947867093,-0.1440062307554859,0.019731581862594716,-0.07923635497326487,0.005776386121418398,0.006397482075851002,0.00692173748456959,0.010620961310051413,0.003814372075471084,0.0026904122307431777,0.005650323706982263,0.005676793673215386,0.008651972516405593,0.004687681708340108,0.009321742817983036,0.00558037162413072,-0.0006803184152452957,41.2,0.20000000000000018,41.5,7.45876269238096,4.812184355372417,5.44673737166631,6.885509670034818,5.996452088619021,7.526717561352706,5.241747015059643,5.4510384535657,6.8658910748834385,6.16541785423142,0.016525578285561338,-0.013940268152285995,-0.06859315403493405,0.007523165559160105,0.018339664377736042,0.010000000000000009,-0.00012739189033617038,-0.0008956159141177977,-0.0024898779719109143,0.038874406593304656,0.06130658285191437,-0.016488239431116547,-0.0007368667197225065,-0.00010511664210000049,0.004320408588053937,-0.18514610000002563,-0.030600181050548514,0.053205660000000154,-0.08230502894955327,0.0,0.16,0.18000000000000002,0.31,0.44999999999999996,0.27,0.16999999999999993,0.31999999999999984,0.3900000000000001,0.3,0.25,0.56,0.92,1.73,1.85,3.17,3.89,0.0017601378473095508,0.004017595935534718,0.003918270754553532,-0.0011072154664998335,0.007026437150484011,0.005895107468398386,0.007769452483579187,-0.010132780756767268,0.05804219814093603,-0.052477341629811214,0.00025215921332044644,0.0008307384083030556,-0.0008688713361326705,0.007341402924653018,-0.0037196757592843355,0.0022764158988701766,-0.007010061847550375,-0.00013093629340765744,0.0007469833874331755,-1.6116913759134377e-07,0.001244841712362721,0.0004287449882696137,-0.008676203231813062,0.007059220233821328,-9.417484844131963e-05,-0.0003874564353041343,0.000608100864736727,-0.0032819939450070557,-4.400000000000006,0.011108371155264862,0.005311044684296107,-0.009340189761289253,26.1429
-0.004225313679443232,-0.0040771213796375605,0.005213450700014555,-0.0016531057583630826,0.020054537977340914,0.005779525289359988,0.003046358972750518,0.004904580211050558,0.004414913530905729,0.028632412125054074,-0.0025091646826700398,0.009034824506631622,0.009018004032165905,0.007323923693535406,-0.0015921465375736688,0.004930856817957796,-0.039726621690125974,0.008900036636282138,0.3826999999999998,473.0,0.16696691400000008,0.0019566078307402535,0.0038504943015240656,-0.09999999999999964,-2.1000000000000014,0.08000650792331143,-0.03626296610816038,-0.1951874740476196,-0.18123519058173443,-0.2020531386565496,-0.020714204387562773,0.0031169268933854966,0.005021891607222884,0.014252902084356478,0.0036453627140851097,0.005378908713151276,0.006249621769759628,0.003957101904168425,0.0028110185788676745,0.0020639842208520776,0.006188086102733692,-0.00043090004107426694,0.0021124028089634095,4.5368963100145265e-05,40.9,-0.20000000000000018,41.5,7.445417556701687,5.3471075307174685,5.442417710521793,6.739336627357174,6.054439346269371,7.532623618788788,5.278114659230517,5.476463551931511,6.887552571664617,6.115892125483034,0.04733556966209029,0.001868047208331447,-0.025825729327157987,0.005090045765479445,0.02344205036031788,0.0,-0.003730289764135364,-0.0028245838050917627,-0.00860489578962742,0.02604897233507586,0.03563779156445612,0.01925419778589954,0.011011922352135883,0.0015037559448085602,-0.0005558593416399304,0.0824075000000164,-0.010130081812340208,0.026044130999999915,-0.05794289129755681,0.12000000000000001,0.35,0.10999999999999999,0.18999999999999995,0.3400000000000001,0.2999999999999998,0.19999999999999996,0.18000000000000016,0.31999999999999984,0.53,0.24,0.63,1.14,1.91,1.93,3.23,4.09,0.01700889496766589,0.007126690351279399,0.02823405650366073,-0.027858623549414985,-0.004020343596501635,0.0021298578974118243,0.003896471092351028,0.012439398536577606,-0.06281151094415716,0.07250216136471899,-0.03167885383795088,0.003293036806970129,-0.0019242676425355043,0.015530915314302618,0.001951920087654102,0.006412678042459596,-0.011438366581836057,0.0010667525439327363,0.003868206919353412,0.004996389763463505,0.0034167717179069967,0.002870112969295846,-0.00578808179343504,0.010380740559485346,0.0019148936380446457,-0.0003824728439991709,-0.0022411013189915785,0.004044269756574792,-3.3999999999999986,-0.022974108749345135,-0.01118829922523723,-0.0030242394734294464,26.9368
0.00041105043698053123,-0.00020105000051628963,0.005168964555243072,-0.00076258584911848,0.013982615219793715,0.0004861197143313234,0.00029318358422081303,3.9374033637074035e-05,-0.0026195285222767595,0.0034639759907717504,-0.0044130609348131955,0.005711478030655748,0.0007131609328174804,0.005779822718418259,-0.004505062572058627,-0.0008054266942476573,0.03308927209863732,-0.030794953206468634,-0.0683000000000078,-253.0,-0.03811870900000014,-0.0019932164117957285,-0.0019930597523707405,0.0,0.6000000000000014,-0.01004156003614387,-0.062274575442072155,0.009975145056818846,0.02254523832105626,0.004338401598598551,-0.008407335835974195,0.0020132219329909162,0.002905940162738929,0.0160440998520075,0.000519683005069993,0.003858120607912241,0.0035537542160231084,0.004355497915197404,0.0018696320586304438,-0.0002796127381827773,0.005108029684194548,-0.00376378833495572,0.004322054713858492,0.001677206258854369,40.8,-0.10000000000000053,41.3,7.506591780070841,4.890349128221754,5.393627546352362,6.950814768442584,6.0473721790462776,7.527793987721444,5.176149732573829,5.53338948872752,6.902742737158593,6.073044534100405,0.008591166283039797,0.0057588387159057675,0.01647479650999273,0.004634621428371233,0.012641198325477276,0.010000000000000009,-3.819424056139553e-05,-0.00036138007566322017,-0.0025442271724571697,-0.056997748216559785,-0.08754940471382078,-0.06680524879823302,-0.0053737103187803115,0.0038601223214840275,0.000457712864230686,0.3388941999999986,6.831713267985151e-06,0.015551388,-0.032594033697628255,0.13,0.18000000000000005,0.32,0.4,0.5499999999999998,0.6699999999999999,0.6200000000000001,0.3299999999999996,0.3700000000000001,0.58,0.43,0.9,1.56,2.45,2.42,3.43,4.33,0.017453608558937184,0.01664571084286475,0.06368222634204912,-0.018007459501606815,-0.0025308460202849714,-0.013015385214429465,-0.019510497253287795,-0.0060262970893445456,0.02981864479231966,-0.2328188672150473,-0.009416225488052099,-0.006415744581102167,-0.0065192541776069035,-0.03231434313344206,-0.0006029272126095719,-0.019089866622656437,0.005867132604968184,0.0018242674447384033,-0.0073488496426028505,-0.009547775966873395,-0.0069467918155918795,-0.005764782252270173,0.0023902536096489513,-0.024633841871573026,-0.0009660987196058457,-1.5976880266332927e-05,-0.0009568048202472923,-0.001247371975481748,5.800000000000004,0.01284518732889417,0.0064726982858687165,-0.0062615399364389646,24.485
-0.0022809851116321056,-0.0010383206098492082,-0.001388010087314484,-0.013200602975299347,-0.0005257412580252918,-0.0010504332153136176,-0.004107372728904046,-0.004224879619095567,-0.004742244553722408,-0.010901742477146925,-0.0029984726726945965,-0.0010206700162633808,0.0025026364819416003,-0.0050436164409290996,-0.0008621618173751955,-0.00456823343212065,-0.004749903362522012,-0.004850555764178921,-0.36409999999999343,-398.0,-0.06023556199999991,0.0028575364831322503,0.0030796593084030377,-0.10000000000000009,-2.400000000000002,-0.1157009572098513,0.09343693542264475,0.009876623495912007,0.16546045882788807,-0.0686837046890032,-0.015123161574219779,0.0015879137429593015,0.0025654439458762113,0.007028955676323001,0.004923565271404584,0.0010995916910641057,0.0006332721381934192,0.0018608503250447939,0.0014305114413293296,-0.0007343556359593606,0.003826535281367782,-0.00394005679008913,0.0008842710866900916,0.0010864153890999262,40.8,-0.09999999999999964,41.1,7.333676395657684,4.859812404361672,5.424950017481403,6.744059186311348,5.786897381366708,7.440733707389261,4.941642422609304,5.442417710521793,6.836259277277067,5.996452088619021,0.02582890645360081,-0.0014948998745545339,-0.01838180252849675,0.0034120796319037083,0.017343544259272647,0.020000000000000018,-0.004854718035490535,-0.00405057186953961,-0.012107121745954075,-0.009705690931852473,-0.01660470598745256,-0.08225204655566076,0.006770944158009051,4.518177960299852e-05,0.00037730530605628587,0.31894499999998516,-0.08329151389862233,0.1408379769999999,-0.11489909548579513,0.44,0.42000000000000004,0.21999999999999997,0.21999999999999997,0.17000000000000015,0.0900000000000003,0.1499999999999999,0.3700000000000001,0.45999999999999996,0.56,0.22,0.69,1.3,2.11,2.14,3.37,4.36,0.024075948067371122,0.03677572416021486,0.01938993343697515,-0.03902588175140964,0.01812738459255675,0.014017671611924243,0.020818759001009823,0.009822836845511773,-0.0001788408473011316,0.13750399670061686,-0.1203804433817286,0.005499753448505729,0.008445063310618117,0.022166748959695504,-0.0003982183545998552,0.015127161542928036,0.0019734729978564403,-0.0008040953018397801,0.006018936235487438,0.007874779151287647,0.006036019423119043,0.003198984656514803,0.0032856236373435266,0.014204729998137822,-0.0004875793081327018,0.00430070354615264,0.009999984565706832,-0.001228044374602888,-6.800000000000004,1.3513705223289207e-05,-0.00024649917773267305,-0.0013063951826204345,29.1728
-0.0048529918594582,-0.0038511877627005475,0.0006200413268411253,-0.0022851030265638173,0.00945133585312341,-0.0031183386894699794,-0.007504708568675689,-0.006022086915299596,-0.007999771485489582,-0.002084314299931833,-0.009728591230800276,-0.0003531743213578409,0.001910522854558394,-0.004543627437098685,-0.005349285428794204,-0.005576733132931722,-0.03549198561061573,0.0009190694719292125,-0.4416999999999973,-227.0,-0.027824453000000027,-0.001924436052252787,-0.0017947880143367456,0.0,-0.09999999999999787,0.10555754058211608,-0.1433193989906849,0.03381964823978656,0.012072581234269464,0.046063258252956096,0.01652930195121094,0.003030454750648559,0.0028901069556610537,0.01320268954768622,0.002968318627809552,0.002273886579802209,0.0013917886728211926,0.003711344466207578,0.003053064592924315,0.0028993121348896977,0.0022922550256083696,0.0038883995616156852,0.0008834898421170578,0.0009496462151261653,40.6,-0.10000000000000009,40.9,7.346655163176539,4.812184355372417,5.327876168789581,6.761572768804055,5.8805329864007,7.459914766241105,5.181783550292085,5.313205979041787,6.838405200847344,6.0473721790462776,0.015487572471538869,0.02137780767634112,0.01803877877073745,0.007069015027617809,0.014581098239569101,0.0,-0.0009154519001022265,0.0005240191151401064,-0.015073690456020472,0.03587599542542286,0.05852505267401398,-0.027002427184465994,0.004599790677224824,-0.00028521772440903703,-0.0006872826136099519,0.07408689999999751,-0.03562651079672641,0.07438256200000004,-0.06352208264831338,0.43999999999999995,0.54,0.51,0.6599999999999999,0.5899999999999999,0.31999999999999984,0.2400000000000002,0.11000000000000032,0.14999999999999947,0.66,0.3,0.92,1.46,2.0,1.95,3.05,4.08,0.00361611595167588,-0.010458415842841448,0.038917359471688506,-0.009532344576323848,-0.004286333180685303,0.005355997462931583,0.006936009437342072,-0.008144147095484833,-0.009545666788874918,-0.026408655669400538,0.09166504674887577,0.003498206544161775,0.001347770585459429,0.016926093705693646,0.002085586282137619,0.006383473566822673,0.005150490315988243,0.0018120927755012062,0.00413743903845365,0.004699216080161328,0.0036250436834146527,0.0033972158636252914,0.002201584392700795,0.007645941648367405,0.0021724822507271924,-0.0057804178109091,-0.006629413783128424,-0.0052150105161596905,-8.399999999999999,0.0011453667995304784,-0.0010739738102056862,-0.0018559759914094087,28.2445
0.009432973170483194,0.011251585085949145,0.0008900912494809177,0.0039999846401475025,-0.009901541522859603,0.002027284973972421,-0.0007792929961851769,-0.0013993560755611867,-0.0025236467341285262,0.006272266407817639,-0.005095821491631902,0.0007476228449476707,0.005219451199608649,0.012001002552258555,-0.002662899215868819,0.0003470276198171973,0.005104206905912179,-0.017843375885278512,0.01849999999998886,354.0,0.12138258800000012,-0.00012192445575820443,0.0010368198379744342,-0.10000000000000009,-0.10000000000000142,-0.07930420974469143,0.19750623033227122,-0.14712867772031046,-0.07328779576983191,-0.19047276902466148,0.02177524073029069,0.0045579348199176195,0.0031176217977133547,0.009701107918453467,0.003730147742684764,0.002503130218117988,0.0029038591202699138,0.0018505197015148411,0.004789754540309943,0.001289760527374284,0.0026037769454969606,0.0009616781701229371,0.0014340082982453595,0.0071161855046941724,40.7,0.0,41.0,7.2305631534092925,5.14166355650266,5.093750200806762,6.569481420414296,5.811140992976701,7.440146680662688,5.075173815233827,5.402677381872279,6.840546529288687,5.955837369464831,-0.02371775057082104,-0.0010646092256223483,0.029113909314007813,0.006154793524004276,0.007139338360573788,0.030000000000000027,0.0007170805462717311,0.0021460734730052167,0.00038166898857561193,0.020860813122631328,0.03668707858156317,0.010009354536950399,-0.010152894011919322,-0.0006106838248189916,-0.0017079483944169027,-0.9558242999999891,0.003272445268521551,0.005697649000000027,-0.004706683877551576,0.47,0.6299999999999999,0.74,0.6499999999999999,0.3700000000000001,-0.22999999999999998,-0.2400000000000002,-0.1800000000000006,-0.05999999999999961,0.82,0.58,1.11,1.37,1.31,1.25,2.41,3.56,0.0247779249999045,-0.00010307684387829419,0.02029914799955801,-0.027401228880410855,0.010256500167189181,-0.04587379823715487,-0.060630122925673824,-0.04180493940591834,-0.13692044780975987,-0.16945827829866555,-0.07981206566063204,-0.013316611818229518,-0.005312965245293455,-0.05962642765819037,-0.00038588943185757785,-0.027052682689300944,-0.003663447721105051,-0.004364486144989854,-0.015413474211702471,-0.019300456228209306,-0.014489169801371382,-0.009648181128041777,-0.007816926130807644,-0.02826987672788306,-0.0037182680911600485,0.0021342831118036365,-0.002805902846089836,0.00600217325582264,1.5,-9.585212064955329e-05,0.0007427679895553041,0.004483572430462601,24.5288
0.003438666793197598,0.004469273997234069,0.00541073199085762,0.010666024630825888,0.006070537024619682,-0.001252475829669919,0.00018802064623724135,0.0017878887577289504,-0.0003954604405418394,-0.003109453229166448,0.0003833455423931653,0.006755513303865257,-0.0028809142527670417,-0.0032593919459866783,-0.009734486933244746,-0.0004791140167998975,-0.016749437871832917,0.013531138461832626,-0.0478999999999985,-1462.0,-0.29835060700000016,0.0038213506401891806,0.003009532450414909,0.10000000000000009,0.1999999999999993,0.049612419937289154,-0.007021362899156003,0.11527270217828356,0.14777664776057087,0.09449816189531379,-0.007821525956426711,0.001547325948950018,0.0016022623597482522,-0.005279843310776577,0.0012830384105484427,0.0020291898010995624,0.003398153166163098,-0.00020544427396274045,0.0015384909910451938,0.001114128657826896,0.0036771170272817955,0.0017016453340321647,0.0017621149933990665,-0.0005836008336057574,40.6,-0.10000000000000009,40.9,7.333676395657684,5.19295685089021,5.214935757608986,6.6895992691789665,5.8944028342648505,7.350516171833998,4.990432586778736,5.313205979041787,6.728628613084702,5.916202062607435,-0.016415529636121917,-0.0073814613911533655,-0.04252235867675047,0.0031291576028475987,0.007805502037374623,0.009999999999999787,-0.0017299877061365265,-0.001553868928970914,-0.0023605029414763834,0.0025704716529588723,0.005038723692790015,0.014849803957889485,-0.002520256596259429,0.0010052484105393944,0.0007107026158337248,-0.3283851999999854,0.0611891291161637,-0.08739214499999992,0.05638515254337717,0.6500000000000001,0.2599999999999998,0.3999999999999999,0.29000000000000004,0.2599999999999998,0.06999999999999984,0.0,0.010000000000000675,-0.05999999999999961,0.43,0.3,0.72,0.95,0.7,0.57,1.74,2.82,-0.0011031778767200962,-0.013177882008829134,-0.010482002642713262,-0.00033375052458334276,-0.00146984902492725,0.007234561822243357,0.00965031137331529,0.009362719236626127,0.13733356649127249,0.0408370901427304,0.11654135718948488,0.0011998608642569408,0.0006195317585211413,-0.0008827077244877302,-0.00013719892813668366,-0.0005929950210994406,0.00069535027366463,0.0020286775754838615,0.0016807270115357653,0.0011928149654254483,0.0013154740410046273,0.002842707448182935,0.007390590397277741,-0.0011423906782397353,0.003285763725301649,-0.0014414148058445875,-9.508415852010899e-06,-0.001215062138205436,6.700000000000003,0.001331147777779762,0.0015781210408096769,-0.004409622123526802,22.3008
0.002253445569024848,0.0033692711081787508,0.0006937940403872744,-0.0020951839927150218,-0.002583333512548691,0.001931932369605427,-5.5894337359418955e-05,-0.00017130289146027877,-0.002979003910759559,-0.010590581701888091,-0.0007730080779815296,0.008565801231012138,0.00423965740051635,0.0036535026372774837,-0.009804671991600955,0.00029691394014008665,-0.016439453068634258,0.01868875059693842,0.010500000000007503,664.0,0.15223391000000008,-0.0003158636467190945,0.00047237400302080346,-0.10000000000000009,-2.1999999999999993,-0.010096460251009631,-0.12574144925558972,-0.028857723875903574,0.06585263256233276,-0.09628547246940933,-0.0905869407947808,0.0014797964884074588,0.002445563933440198,0.004753111668363452,0.003583774474341439,0.0017137964777358405,0.001757469696645586,0.0016423735984929522,0.0013243882317084399,-0.0013231660414394497,0.0010457560689776102,-0.0016822921809200864,0.000550024764979895,0.0004938382555632614,40.6,0.0,41.0,7.305188215393037,5.0238805208462765,5.356586274672012,6.616065185132817,5.932245187448011,7.3777589082278725,5.0369526024136295,5.3612921657094255,6.756932389247553,5.921578419643816,0.020453270159645598,0.00021954752052621984,0.029079073658863308,0.002188982997381572,0.00245835872428124,0.010000000000000009,-0.0028337780146987512,-0.0023603125417199777,-0.00823016044296132,-0.03920709350986584,-0.06860897007828015,-0.05357142857142849,-0.0005204650862919991,-0.0022394811409647275,0.00039334798780465974,-0.1951310000000035,-0.0769606563876355,0.13606259099999995,-0.08120599354954683,0.22999999999999998,0.4500000000000002,0.5,0.5800000000000001,0.6100000000000003,0.6700000000000004,0.6200000000000001,0.5199999999999996,0.54,0.65,0.55,1.05,1.31,1.12,0.94,2.01,3.11,0.03322161741413865,0.016471082474039295,0.057458191948500215,-0.05691790592534271,0.032147801909028495,0.020092406929748563,0.02753350834150936,0.012336828270377964,-0.08109400778085618,-0.024408311725621523,-0.06479478842445818,0.0035039706311685848,0.0005468926687592912,0.02341680928174661,0.0007834668105051179,0.007901571469468571,-0.00949551829794082,0.0009224947919541648,0.004351007739463064,0.005177895025403778,0.003754623002175883,0.0007593715495017861,-0.0011982913295813802,0.006353120614687846,-0.0007527533465587766,0.0017587508163918741,0.0045770126643902564,-1.280595056174505e-05,0.3999999999999986,0.005160196363895864,2.7276932337727544e-05,-0.007004483295451891,27.0915
0.0019612330722864613,-0.0015166886624786713,0.0018016150110939932,0.0012291432605664454,0.010247172584097797,-0.000384112746256271,0.0024584277437327273,0.004403756001410741,0.003888128634837784,0.01424732551032104,0.0008654823188338767,0.004180758036032017,-0.0036809810662079556,0.006604599232608699,-0.009895573639645328,0.002634573508162319,-0.011183458019105252,-0.01393943520173302,0.1898999999999944,-324.0,-0.1081613990000001,0.00027942293272076313,-0.0007937158284239132,0.10000000000000009,0.6000000000000014,0.01646880771326753,0.10271411598427971,0.0015132411462666084,-0.11532372157778337,0.08237931790439923,0.023242330765548047,0.002602253717800096,0.0026738610981702493,0.007349114441473681,0.0024245529646584885,0.0027204556049813533,0.003630676914685438,0.0012300124551991587,0.0025907239433902163,0.001079556442016738,0.0025682463062324246,1.2901893999384129e-05,0.0028552622077526735,0.0013007694314293161,40.7,0.10000000000000009,41.0,7.268920128193722,4.59511985013459,5.455321115357702,6.670766320845874,5.746203190540153,7.374001859350161,4.795790545596741,5.3981627015177525,6.815639990074331,5.8289456176102075,0.011195015211287185,0.016298839652689523,0.03148856822544843,0.004941845096306352,0.004964768444748913,0.0,-0.0018177520801962999,-0.0005244940288093858,-0.00974388686661598,0.017924167559236537,0.029757072063160805,-0.02417151489826741,-7.969810229546681e-05,7.514843651534875e-05,0.0009718926781889792,-0.1718046999999956,-0.032859512808633085,0.07099572900000006,-0.035824845190409516,0.52,0.6400000000000001,0.5900000000000003,0.5499999999999998,0.5399999999999996,0.47999999999999954,0.45999999999999996,0.5099999999999998,0.5699999999999994,0.77,0.64,1.1,1.35,1.1,0.9,2.02,3.18,0.014555742979775133,0.021949870162866057,0.02595209709093904,0.0010595091932333323,0.025900515454468143,-0.00042637498167685806,-0.0010199555365284496,-0.0026959919523132925,-0.06651460238360674,0.14417351285115831,0.020906165397991394,0.0009858901475405801,-0.001340492695360851,0.010365774453947374,-0.010826839970598634,0.007507042526443186,0.001667046239073322,-0.0033487278274906274,0.001099660727001961,0.001278418814804283,0.0020616312058141517,0.0011160274886874433,-0.006478523545942139,0.011270008262575182,-0.0008752714173319021,0.0010301766204539042,-0.0024831451975906305,0.0023532169163105188,1.2999999999999972,-0.00010281843061576978,0.00263206765259838,-0.003675024808689642,29.9215
0.0004751809946181851,0.0002689480306159453,-0.0026776097764500406,-0.01037082521650845,-0.013873874871231706,-0.0029444934707285597,-0.004273133047046684,-0.0058456981888515,-0.004760484675871979,-0.03530352251551072,0.004069633264773387,-0.013346215294616215,-0.001352265250013751,-0.011361556447017307,-0.0019380580624455135,-0.007977121780042395,0.03473852621737983,0.0007932454578654102,-0.6358000000000033,131.0,0.028256701000000106,-0.0012032891350930441,-0.0011160469141433538,0.0,0.6999999999999993,0.021988770159439675,-0.08082874401038964,0.027344482729636965,0.033251145148687655,0.024411301679680975,0.04042665946865398,0.001927802156810543,0.0017786103448447221,0.010578439060276779,0.002291535057505456,0.0010085729548841016,0.001248907368527341,0.0006144393434475148,0.0019518230113391155,-0.00013923213500177667,0.0010419854899410552,-5.805983390239078e-05,0.0014245797160210572,0.002909385934225739,40.5,-0.10000000000000009,40.9,7.261225091971921,4.454347296253507,5.493061443340548,6.606650186198215,5.872117789475416,7.244941546337007,4.90527477843843,5.293304824724492,6.672032945461067,5.6240175061873385,-0.026430260665028626,-0.028177346268241976,-0.10914175011676797,-0.0021820839206831977,0.003606733729224487,0.020000000000000018,0.0009057389129871751,0.001399342591655639,-0.005536935087716799,0.027873845240129924,0.0472810004820019,0.02341974373332456,-0.0020782850254184027,0.00012295849985655138,-0.0016515885784329498,0.1363777999999911,0.05010245129072999,-0.07273707000000007,0.05724877939092421,0.6999999999999997,0.6099999999999999,0.43000000000000016,0.3000000000000007,0.3000000000000007,-0.1200000000000001,-0.08999999999999986,-0.1999999999999993,-0.1899999999999995,0.68,0.4,0.73,0.98,0.31,0.14,1.15,2.32,-0.02869709107655183,-0.029478395382796077,-0.03182690526721821,0.034263293510657405,-0.01709317385397091,-0.005672952849335999,-0.00717997408095794,-0.002753139389371384,0.0685941594514139,-0.07530097273531489,0.08555706314389244,-0.0027987797441078044,0.00451207209608917,-0.012661850366673555,-0.0003501609407710049,-0.007078565094215783,-0.0033166739625052344,-0.0002585268199073454,-0.002878876373121564,-0.0037258651178815327,-0.003030669701323596,-0.002074907972066775,-0.003154770937038087,-0.007073898185725014,-0.0002869621556769175,-0.0021335837672551428,-0.003656387114868931,0.0011390355429337085,-3.1999999999999957,0.002127685007662805,-0.0003399616559107699,0.009172561893723952,23.0367
0.0028149938176404987,0.002819595808119857,-0.0008767628050332377,0.009353922793446046,-0.011737286606752662,-0.011845400797525052,-0.0067741461298673755,-0.0027549550851642124,-9.675146873266982e-05,-0.005227643893292999,0.001365134877170604,-0.011770127140114717,-0.017921437855288325,-0.014628691336669775,-0.04316111884453644,-0.017387914918099767,0.08016049959096083,-0.03498382997108784,-1.3498000000000019,257.0,0.09942161300000008,0.0034904049397681547,0.004733051389035126,-0.10000000000000009,-2.1000000000000014,-0.010709607046375247,-0.01088281599345553,-0.07376849682843112,0.032180994798095774,-0.14787353066842623,-0.01313451718064762,0.0008167340169968895,0.0010749925084674317,0.00310024361303185,0.0035542053155026565,-0.0005429513416288501,0.0016212512125086675,-0.0041034115845910435,0.0007751500830259772,0.0006959669000696778,0.002113711836059906,0.0009543339087247915,0.0009850600041332314,-4.4695733798505444e-05,40.3,-0.19999999999999973,40.6,7.176254532017144,5.293304824724492,4.770684624465665,6.530877627725885,5.720311776607412,7.251344983372214,4.948759890378168,5.19295685089021,6.645090969505644,5.768320995793772,-0.01418859575662168,0.049841480521889636,0.1378079679358084,0.008454535493420678,0.004713892963660982,0.020000000000000018,-0.00425739221190824,-0.003434651503237518,-0.006876544492172343,-0.017178937409832784,-0.028873538099041696,-0.005471515931766979,-0.0034162086531894786,0.00963520842407739,-0.001823831747637783,-0.33584880000000794,-0.0013052581270152075,0.015858689999999953,0.012896409952991128,0.31999999999999984,0.04999999999999982,0.09999999999999964,0.0699999999999994,-0.05000000000000071,-0.2999999999999998,-0.27,-0.47000000000000064,-0.4800000000000004,0.41,0.16,0.46,0.59,-0.33,-0.47,0.34,1.5,-0.026467770548907588,-0.03626029620233205,-0.05431249219992651,0.03790138680282343,0.009466826118906813,-0.01192777615654439,-0.016147191836852315,-0.017100730356350624,0.05283014497836547,-0.061707598251138585,-0.04170554268364679,-0.0021087742915124608,-0.002522786674228783,-0.015615011094404885,0.0058093660280489345,-0.008672506346163011,0.0008603045596595749,0.0021593806836053275,-0.0023504375487339857,-0.0037242290384460475,-0.0028177000773901284,-0.0012307338299644144,0.003756810142029998,-0.01018793420374653,0.00074830857099073,0.0017270331675414141,0.004827173404211127,-0.003161188006554738,3.0999999999999943,-0.0030580547484966303,-0.0009899559610069275,0.005050471069239393,21.7702
